"name";"category";"subcategory";"material";"price";"oldPrice";"discountPercent";"cashDiscountPercent";"installmentsCount";"priceLabel";"installments";"description";"image";"featured";"isCustomOrder";"allowWhatsappQuote";"stockStatus"
"Alianças em Ouro 18k Tradicional";"Alianças";"Alianças Ouro 18k";"Ouro 18k";"";"";"";"";"";"Sob orçamento";"Consulte condições de parcelamento";"Aliança em ouro 18k/750 com acabamento elegante, feita sob encomenda para momentos especiais. Confeccionamos diversos modelos em até 3 dias. Gravação dos nomes e caixinha inclusas como cortesia. Consulte numeração, prazo e parcelamento em até 12x sem juros pelo WhatsApp.";"aliancas-ouro-18k-750-polida-3200.png";"sim";"sim";"sim";"sob encomenda"
"Alianças em Ouro 18k Anatômicas";"Alianças";"Alianças de Casamento";"Ouro 18k";"";"";"";"";"";"Sob orçamento";"Consulte condições de parcelamento";"Aliança em ouro 18k/750 com acabamento elegante, feita sob encomenda para momentos especiais. Confeccionamos diversos modelos em até 3 dias. Gravação dos nomes e caixinha inclusas como cortesia. Consulte numeração, prazo e parcelamento em até 12x sem juros pelo WhatsApp.";"aliancas-ouro-18k-anatomicas.jpg";"sim";"sim";"sim";"sob encomenda"
"Alianças em Prata para Namoro";"Alianças";"Alianças de Namoro";"Prata 925";"249,90";"";"";"";"";"R$ 249,90";"Até 3x sem juros";"Aliança em prata 950 com visual delicado e ótimo acabamento, ideal para simbolizar momentos especiais. Gravação dos nomes e caixinha inclusas como cortesia. Consulte numeração, prazo e parcelamento em até 6x sem juros pelo WhatsApp.";"aliancas-prata-namoro.jpg";"sim";"não";"sim";"disponível"
"Anel Solitário em Ouro 18k";"Anéis";"Feminino";"Ouro 18k";"1890,00";"";"";"";"";"R$ 1.890,00";"Até 10x sem juros";"Solitário em ouro 18k com pedra central de presença elegante para momentos inesquecíveis.";"anel-solitario-ouro-18k.jpg";"sim";"não";"sim";"disponível"
"Anel Feminino em Ouro";"Anéis";"Feminino";"Ouro 18k";"1290,00";"";"";"";"";"R$ 1.290,00";"Até 10x sem juros";"Anel feminino em ouro com desenho leve, pensado para composições sofisticadas.";"anel-feminino-ouro.jpg";"sim";"não";"sim";"disponível"
"Brinco Ponto de Luz";"Brincos";"Ponto de luz";"Zircônia";"179,90";"";"";"";"";"R$ 179,90";"Até 3x sem juros";"Brinco ponto de luz com brilho discreto e acabamento limpo para uso diário.";"brinco-ponto-de-luz.jpg";"sim";"não";"sim";"disponível"
"Brinco Argola";"Brincos";"Argolas";"Semijoia";"219,90";"";"";"";"";"R$ 219,90";"Até 3x sem juros";"Argola de visual atemporal, com presença elegante e acabamento dourado premium.";"brinco-argola.jpg";"não";"não";"sim";"disponível"
"Corrente Masculina em Prata";"Correntes";"Correntes masculinas";"Prata 925";"349,90";"";"";"";"";"R$ 349,90";"Até 5x sem juros";"Corrente masculina em prata 925 com presença marcante e acabamento resistente.";"corrente-masculina-prata.jpg";"não";"não";"sim";"disponível"
"Pulseira Infantil Chapinha";"Pulseiras";"Pulseiras chapinha";"Ouro 18k";"890,00";"";"";"";"";"R$ 890,00";"Até 8x sem juros";"Pulseira infantil com chapinha para gravação, delicada e perfeita para presente.";"pulseira-infantil-chapinha.jpg";"sim";"não";"sim";"disponível"
"Pingente Religioso";"Pingentes";"Religiosos";"Ouro 18k";"690,00";"";"";"";"";"R$ 690,00";"Até 6x sem juros";"Pingente religioso em ouro com acabamento fino, ideal para compor correntes clássicas.";"pingente-religioso.jpg";"não";"não";"sim";"disponível"
"Troca de Bateria de Relógio";"Serviços";"Troca de bateria";"Serviço técnico";"35,00";"";"";"";"";"A partir de R$ 35,00";"Pagamento na retirada";"Troca de bateria para relógios com conferência básica de funcionamento.";"troca-bateria-relogio.jpg";"não";"não";"sim";"disponível"
"Banho de Joia";"Serviços";"Banho de joias";"Serviço técnico";"";"";"";"";"";"Sob orçamento";"Valor após avaliação";"Banho de joias com avaliação do estado da peça para recuperar brilho e acabamento.";"banho-de-joia.jpg";"sim";"sim";"sim";"sob encomenda"
"Polimento de Aliança";"Serviços";"Polimento";"Serviço técnico";"60,00";"";"";"";"";"A partir de R$ 60,00";"Valor após avaliação";"Polimento profissional para alianças, removendo marcas leves e renovando o brilho.";"polimento-de-alianca.jpg";"não";"não";"sim";"disponível"
"Gravação em Aliança";"Serviços";"Gravação";"Serviço técnico";"";"";"";"";"";"Sob orçamento";"Valor conforme gravação";"Gravação personalizada em alianças com nomes, datas e mensagens curtas.";"gravacao-em-alianca.jpg";"não";"sim";"sim";"sob encomenda"
"Anel Ouro 18k com Pérola";"Anéis";"Pérola";"Ouro 18k";"990";"";"";"";"";"Até 6x sem juros";"Até 7x sem juros";"Anel teste em ouro 18k para validar imagem e cadastro automático.";"anel-teste-01.jpg";"sim";"não";"sim";"disponivel"
"Alianca Ouro 18k Pedra";"Alianças";"Alianças de Ouro 18k/750";"Ouro 18k";"4200";"";"";"";"";"R$ 4.200,00";"Até 6x sem juros";"Aliança em ouro 18k/750 com acabamento elegante, feita sob encomenda para momentos especiais. Confeccionamos diversos modelos em até 3 dias. Gravação dos nomes e caixinha inclusas como cortesia. Consulte numeração, prazo e parcelamento em até 12x sem juros pelo WhatsApp.";"alianca-ouro-18k-pedra-4200.png";"não";"não";"sim";"disponível"
"Alianca Prata Namoro";"Alianças";"Alianças de Namoro";"Prata";"380";"";"";"";"";"R$ 380,00";"Até 6x sem juros";"Aliança em prata 950 com visual delicado e ótimo acabamento, ideal para simbolizar momentos especiais. Gravação dos nomes e caixinha inclusas como cortesia. Consulte numeração, prazo e parcelamento em até 6x sem juros pelo WhatsApp.";"alianca-prata-namoro-380.png";"não";"não";"sim";"disponível"
"Aliança Prata 950 Ancora";"Alianças";"Alianças Prata";"Prata 950";"590";"";"";"";"";"R$ 590,00";"Até 6x sem juros";"Aliança em prata 950 com visual delicado e ótimo acabamento, ideal para simbolizar momentos especiais. Gravação dos nomes e caixinha inclusas como cortesia. Consulte numeração, prazo e parcelamento em até 6x sem juros pelo WhatsApp.";"alianca-prata-950-ancora-590.png";"não";"não";"sim";"disponível"
"Aliança Prata 950 Chanfrado";"Alianças";"Alianças Prata";"Prata 950";"320";"";"";"";"";"R$ 320,00";"Até 6x sem juros";"Aliança em prata 950 com visual delicado e ótimo acabamento, ideal para simbolizar momentos especiais. Gravação dos nomes e caixinha inclusas como cortesia. Consulte numeração, prazo e parcelamento em até 6x sem juros pelo WhatsApp.";"alianca-prata-950-chanfrado-320.png";"não";"não";"sim";"disponível"
"Aliança Prata 950 Coração";"Alianças";"Alianças Prata";"Prata 950";"580";"";"";"";"";"R$ 580,00";"Até 6x sem juros";"Aliança em prata 950 com visual delicado e ótimo acabamento, ideal para simbolizar momentos especiais. Gravação dos nomes e caixinha inclusas como cortesia. Consulte numeração, prazo e parcelamento em até 6x sem juros pelo WhatsApp.";"alianca-prata-950-coracao-580.png";"não";"não";"sim";"disponível"
"Aliança Prata 950 Coração";"Alianças";"Alianças Prata";"Prata 950";"590";"";"";"";"";"R$ 590,00";"Até 6x sem juros";"Aliança em prata 950 com visual delicado e ótimo acabamento, ideal para simbolizar momentos especiais. Gravação dos nomes e caixinha inclusas como cortesia. Consulte numeração, prazo e parcelamento em até 6x sem juros pelo WhatsApp.";"alianca-prata-950-coracao-590.png";"não";"não";"sim";"disponível"
"Aliança Prata 950 Coroa";"Alianças";"Alianças Prata";"Prata 950";"1400";"";"";"";"";"R$ 1.400,00";"Até 6x sem juros";"Aliança em prata 950 com visual delicado e ótimo acabamento, ideal para simbolizar momentos especiais. Gravação dos nomes e caixinha inclusas como cortesia. Consulte numeração, prazo e parcelamento em até 6x sem juros pelo WhatsApp.";"alianca-prata-950-coroa-1400.png";"não";"não";"sim";"disponível"
"Aliança Prata 950 Namoro";"Alianças";"Alianças Prata";"Prata 950";"380";"";"";"";"";"R$ 380,00";"Até 6x sem juros";"Aliança em prata 950 com visual delicado e ótimo acabamento, ideal para simbolizar momentos especiais. Gravação dos nomes e caixinha inclusas como cortesia. Consulte numeração, prazo e parcelamento em até 6x sem juros pelo WhatsApp.";"alianca-prata-950-namoro-380 (2).png";"não";"não";"sim";"disponível"
"Aliança Prata 950 Namoro";"Alianças";"Alianças Prata";"Prata 950";"380";"";"";"";"";"R$ 380,00";"Até 6x sem juros";"Aliança em prata 950 com visual delicado e ótimo acabamento, ideal para simbolizar momentos especiais. Gravação dos nomes e caixinha inclusas como cortesia. Consulte numeração, prazo e parcelamento em até 6x sem juros pelo WhatsApp.";"alianca-prata-950-namoro-380.png";"não";"não";"sim";"disponível"
"Aliança Prata 950 Namoro";"Alianças";"Alianças Prata";"Prata 950";"410";"";"";"";"";"R$ 410,00";"Até 6x sem juros";"Aliança em prata 950 com visual delicado e ótimo acabamento, ideal para simbolizar momentos especiais. Gravação dos nomes e caixinha inclusas como cortesia. Consulte numeração, prazo e parcelamento em até 6x sem juros pelo WhatsApp.";"alianca-prata-950-namoro-410.png";"não";"não";"sim";"disponível"
"Aliança Prata 950 Namoro";"Alianças";"Alianças Prata";"Prata 950";"580";"";"";"";"";"R$ 580,00";"Até 6x sem juros";"Aliança em prata 950 com visual delicado e ótimo acabamento, ideal para simbolizar momentos especiais. Gravação dos nomes e caixinha inclusas como cortesia. Consulte numeração, prazo e parcelamento em até 6x sem juros pelo WhatsApp.";"alianca-prata-950-namoro-580.png";"não";"não";"sim";"disponível"
"Anel Solitario Prata 950";"Anéis";"Feminino";"Prata 950";"160";"";"";"";"";"R$ 160,00";"Até 6x sem juros";"Anel em Prata 950 solitário, ideal para compor produções elegantes e presentear em momentos especiais. Peça com visual sofisticado inspirada em anel solitario prata. Consulte disponibilidade, aro e condições pelo WhatsApp.";"anel-solitario-prata-950-160.png";"não";"não";"sim";"disponível"
"Aliança Ouro 18k Fosca 3600.jpeg";"Alianças";"Alianças Ouro 18k";"Ouro 18k";"";"";"";"";"";"Sob orçamento";"Consulte condições de parcelamento";"Aliança em ouro 18k/750 com acabamento elegante, feita sob encomenda para momentos especiais. Confeccionamos diversos modelos em até 3 dias. Gravação dos nomes e caixinha inclusas como cortesia. Consulte numeração, prazo e parcelamento em até 12x sem juros pelo WhatsApp.";"alianca-ouro-18k-fosca-3600.jpeg.png";"não";"sim";"sim";"sob encomenda"
"Aliança Ouro 18k Fosca";"Alianças";"Alianças Ouro 18k";"Ouro 18k";"3600";"";"";"";"";"R$ 3.600,00";"Até 12x sem juros";"Aliança em ouro 18k/750 com acabamento elegante, feita sob encomenda para momentos especiais. Confeccionamos diversos modelos em até 3 dias. Gravação dos nomes e caixinha inclusas como cortesia. Consulte numeração, prazo e parcelamento em até 12x sem juros pelo WhatsApp.";"alianca-ouro-18k-fosca-3600.png";"não";"sim";"sim";"sob encomenda"
"Aliança Ouro 18k Fosca Polida";"Alianças";"Alianças Ouro 18k";"Ouro 18k";"2900";"";"";"";"";"R$ 2.900,00";"Até 12x sem juros";"Aliança em ouro 18k/750 com acabamento elegante, feita sob encomenda para momentos especiais. Confeccionamos diversos modelos em até 3 dias. Gravação dos nomes e caixinha inclusas como cortesia. Consulte numeração, prazo e parcelamento em até 12x sem juros pelo WhatsApp.";"alianca-ouro-18k-fosca-polida-2900.png";"não";"sim";"sim";"sob encomenda"
"Aliança Ouro 18k Frezo";"Alianças";"Alianças Ouro 18k";"Ouro 18k";"5900";"";"";"";"";"R$ 5.900,00";"Até 12x sem juros";"Aliança em ouro 18k/750 com acabamento elegante, feita sob encomenda para momentos especiais. Confeccionamos diversos modelos em até 3 dias. Gravação dos nomes e caixinha inclusas como cortesia. Consulte numeração, prazo e parcelamento em até 12x sem juros pelo WhatsApp.";"alianca-ouro-18k-frezo-5900.png";"não";"sim";"sim";"sob encomenda"
"Aliança Ouro 18k Lisa";"Alianças";"Alianças Ouro 18k";"Ouro 18k";"3600";"";"";"";"";"R$ 3.600,00";"Até 12x sem juros";"Aliança em ouro 18k/750 com acabamento elegante, feita sob encomenda para momentos especiais. Confeccionamos diversos modelos em até 3 dias. Gravação dos nomes e caixinha inclusas como cortesia. Consulte numeração, prazo e parcelamento em até 12x sem juros pelo WhatsApp.";"alianca-ouro-18k-lisa-3600.png";"não";"sim";"sim";"sob encomenda"
"Aliança Ouro 18k Pedra";"Alianças";"Alianças Ouro 18k";"Ouro 18k";"7200";"";"";"";"";"R$ 7.200,00";"Até 12x sem juros";"Aliança em ouro 18k/750 com acabamento elegante, feita sob encomenda para momentos especiais. Confeccionamos diversos modelos em até 3 dias. Gravação dos nomes e caixinha inclusas como cortesia. Consulte numeração, prazo e parcelamento em até 12x sem juros pelo WhatsApp.";"alianca-ouro-18k-pedra-7200.png";"não";"sim";"sim";"sob encomenda"
"Aliança Ouro 18k Pedra";"Alianças";"Alianças Ouro 18k";"Ouro 18k";"8600";"";"";"";"";"R$ 8.600,00";"Até 12x sem juros";"Aliança em ouro 18k/750 com acabamento elegante, feita sob encomenda para momentos especiais. Confeccionamos diversos modelos em até 3 dias. Gravação dos nomes e caixinha inclusas como cortesia. Consulte numeração, prazo e parcelamento em até 12x sem juros pelo WhatsApp.";"alianca-ouro-18k-pedra-8600.png";"não";"sim";"sim";"sob encomenda"
"Aliança Ouro 18k Personalizado";"Alianças";"Alianças Ouro 18k";"Ouro 18k";"7800";"";"";"";"";"R$ 7.800,00";"Até 12x sem juros";"Aliança em ouro 18k/750 com acabamento elegante, feita sob encomenda para momentos especiais. Confeccionamos diversos modelos em até 3 dias. Gravação dos nomes e caixinha inclusas como cortesia. Consulte numeração, prazo e parcelamento em até 12x sem juros pelo WhatsApp.";"alianca-ouro-18k-personalizado-7800.png";"não";"sim";"sim";"sob encomenda"
"Aliança Ouro 18k Quadrado";"Alianças";"Alianças Ouro 18k";"Ouro 18k";"3500";"";"";"";"";"R$ 3.500,00";"Até 12x sem juros";"Aliança em ouro 18k/750 com acabamento elegante, feita sob encomenda para momentos especiais. Confeccionamos diversos modelos em até 3 dias. Gravação dos nomes e caixinha inclusas como cortesia. Consulte numeração, prazo e parcelamento em até 12x sem juros pelo WhatsApp.";"alianca-ouro-18k-quadrado-3500.png";"não";"sim";"sim";"sob encomenda"
"Anel Ouro 18k Meia Ailanca Pedra";"Anéis";"Feminino";"Ouro 18k";"4800";"";"";"";"";"R$ 4.800,00";"Até 12x sem juros";"Anel em Ouro 18k, ideal para compor produções elegantes e presentear em momentos especiais. Peça com visual sofisticado inspirada em anel ouro 18k meia ailanca pedra. Consulte disponibilidade, aro e condições pelo WhatsApp.";"anel-ouro-18k-meia-ailanca-pedra-4800.png";"não";"não";"sim";"disponível"
"Aliança Prata 950 Batimento Cardiaco";"Alianças";"Alianças Prata";"Prata 950";"590";"";"";"";"";"R$ 590,00";"Até 6x sem juros";"Aliança em prata 950 com visual delicado e ótimo acabamento, ideal para simbolizar momentos especiais. Gravação dos nomes e caixinha inclusas como cortesia. Consulte numeração, prazo e parcelamento em até 6x sem juros pelo WhatsApp.";"alianca-prata-950-batimento-cardiaco-590.png";"não";"não";"sim";"disponível"
"Aliança Prata 950 Coração";"Alianças";"Alianças Prata";"Prata 950";"420";"";"";"";"";"R$ 420,00";"Até 6x sem juros";"Aliança em prata 950 com visual delicado e ótimo acabamento, ideal para simbolizar momentos especiais. Gravação dos nomes e caixinha inclusas como cortesia. Consulte numeração, prazo e parcelamento em até 6x sem juros pelo WhatsApp.";"alianca-prata-950-coracao-420.png";"não";"não";"sim";"disponível"
"Aliança Prata 950 Coração Pedra";"Alianças";"Alianças Prata";"Prata 950";"480";"";"";"";"";"R$ 480,00";"Até 6x sem juros";"Aliança em prata 950 com visual delicado e ótimo acabamento, ideal para simbolizar momentos especiais. Gravação dos nomes e caixinha inclusas como cortesia. Consulte numeração, prazo e parcelamento em até 6x sem juros pelo WhatsApp.";"alianca-prata-950-coracao-pedra-480.png";"não";"não";"sim";"disponível"
"Aliança Prata 950 Namoro";"Alianças";"Alianças Prata";"Prata 950";"320";"";"";"";"";"R$ 320,00";"Até 6x sem juros";"Aliança em prata 950 com visual delicado e ótimo acabamento, ideal para simbolizar momentos especiais. Gravação dos nomes e caixinha inclusas como cortesia. Consulte numeração, prazo e parcelamento em até 6x sem juros pelo WhatsApp.";"alianca-prata-950-namoro-320.png";"não";"não";"sim";"disponível"
"Aliança Prata 950 Namoro";"Alianças";"Alianças Prata";"Prata 950";"390";"";"";"";"";"R$ 390,00";"Até 6x sem juros";"Aliança em prata 950 com visual delicado e ótimo acabamento, ideal para simbolizar momentos especiais. Gravação dos nomes e caixinha inclusas como cortesia. Consulte numeração, prazo e parcelamento em até 6x sem juros pelo WhatsApp.";"alianca-prata-950-namoro-390.png";"não";"não";"sim";"disponível"
"Aliança Prata 950 Notas Musicais";"Alianças";"Alianças Prata";"Prata 950";"490";"";"";"";"";"R$ 490,00";"Até 6x sem juros";"Aliança em prata 950 com visual delicado e ótimo acabamento, ideal para simbolizar momentos especiais. Gravação dos nomes e caixinha inclusas como cortesia. Consulte numeração, prazo e parcelamento em até 6x sem juros pelo WhatsApp.";"alianca-prata-950-notas-musicais-490.png";"não";"não";"sim";"disponível"
"Aliança Prata 950 Patas";"Alianças";"Alianças Prata";"Prata 950";"460";"";"";"";"";"R$ 460,00";"Até 6x sem juros";"Aliança em prata 950 com visual delicado e ótimo acabamento, ideal para simbolizar momentos especiais. Gravação dos nomes e caixinha inclusas como cortesia. Consulte numeração, prazo e parcelamento em até 6x sem juros pelo WhatsApp.";"alianca-prata-950-patas-460.png";"não";"não";"sim";"disponível"
"Aliança Prata 950 Pedras";"Alianças";"Alianças Prata";"Prata 950";"780";"";"";"";"";"R$ 780,00";"Até 6x sem juros";"Aliança em prata 950 com visual delicado e ótimo acabamento, ideal para simbolizar momentos especiais. Gravação dos nomes e caixinha inclusas como cortesia. Consulte numeração, prazo e parcelamento em até 6x sem juros pelo WhatsApp.";"alianca-prata-950-pedras-780.png";"não";"não";"sim";"disponível"
"Aliança Prata 950 Pedras Azul";"Alianças";"Alianças Prata";"Prata 950";"520";"";"";"";"";"R$ 520,00";"Até 6x sem juros";"Aliança em prata 950 com visual delicado e ótimo acabamento, ideal para simbolizar momentos especiais. Gravação dos nomes e caixinha inclusas como cortesia. Consulte numeração, prazo e parcelamento em até 6x sem juros pelo WhatsApp.";"alianca-prata-950-pedras-azul-520.png";"não";"não";"sim";"disponível"
"Aliança Prata 950 Pedras Coloridas";"Alianças";"Alianças Prata";"Prata 950";"580";"";"";"";"";"R$ 580,00";"Até 6x sem juros";"Aliança em prata 950 com visual delicado e ótimo acabamento, ideal para simbolizar momentos especiais. Gravação dos nomes e caixinha inclusas como cortesia. Consulte numeração, prazo e parcelamento em até 6x sem juros pelo WhatsApp.";"alianca-prata-950-pedras-coloridas-580.png";"não";"não";"sim";"disponível"
"Aliança Prata 950 Persolaziada";"Alianças";"Alianças Prata";"Prata 950";"610";"";"";"";"";"R$ 610,00";"Até 6x sem juros";"Aliança em prata 950 com visual delicado e ótimo acabamento, ideal para simbolizar momentos especiais. Gravação dos nomes e caixinha inclusas como cortesia. Consulte numeração, prazo e parcelamento em até 6x sem juros pelo WhatsApp.";"alianca-prata-950-persolaziada-610.png";"não";"não";"sim";"disponível"
"Aliança Prata 950 Personalizado";"Alianças";"Alianças Prata";"Prata 950";"440";"";"";"";"";"R$ 440,00";"Até 6x sem juros";"Aliança em prata 950 com visual delicado e ótimo acabamento, ideal para simbolizar momentos especiais. Gravação dos nomes e caixinha inclusas como cortesia. Consulte numeração, prazo e parcelamento em até 6x sem juros pelo WhatsApp.";"alianca-prata-950-personalizado-440.png";"não";"não";"sim";"disponível"
"Combo Alianças Prata 950 + Anel Solitário";"Alianças";"Alianças Prata";"Prata 950";"380";"";"";"";"";"R$ 380,00";"Até 6x sem juros";"Aliança em prata 950 com visual delicado e ótimo acabamento, ideal para simbolizar momentos especiais. Gravação dos nomes e caixinha inclusas como cortesia. Consulte numeração, prazo e parcelamento em até 6x sem juros pelo WhatsApp.";"combo-alianca-prata-950-solitario-380.png";"não";"não";"sim";"disponível"
"Combo Alianças Prata 950 + Anel Solitário";"Alianças";"Alianças Prata";"Prata 950";"390";"";"";"";"";"R$ 390,00";"Até 6x sem juros";"Aliança em prata 950 com visual delicado e ótimo acabamento, ideal para simbolizar momentos especiais. Gravação dos nomes e caixinha inclusas como cortesia. Consulte numeração, prazo e parcelamento em até 6x sem juros pelo WhatsApp.";"combo-alianca-prata-950-solitario-390.png";"não";"não";"sim";"disponível"
"Combo Alianças Prata 950 + Anel Solitário";"Alianças";"Alianças Prata";"Prata 950";"490";"";"";"";"";"R$ 490,00";"Até 6x sem juros";"Aliança em prata 950 com visual delicado e ótimo acabamento, ideal para simbolizar momentos especiais. Gravação dos nomes e caixinha inclusas como cortesia. Consulte numeração, prazo e parcelamento em até 6x sem juros pelo WhatsApp.";"combo-alianca-prata-950-solitario-490.png";"não";"não";"sim";"disponível"
"Combo Alianças Prata 950 + Anel Solitário";"Alianças";"Alianças Prata";"Prata 950";"590";"";"";"";"";"R$ 590,00";"Até 6x sem juros";"Aliança em prata 950 com visual delicado e ótimo acabamento, ideal para simbolizar momentos especiais. Gravação dos nomes e caixinha inclusas como cortesia. Consulte numeração, prazo e parcelamento em até 6x sem juros pelo WhatsApp.";"combo-alianca-prata-950-solitario-590 (2).png";"não";"não";"sim";"disponível"
"Combo Alianças Prata 950 + Anel Solitário";"Alianças";"Alianças Prata";"Prata 950";"590";"";"";"";"";"R$ 590,00";"Até 6x sem juros";"Aliança em prata 950 com visual delicado e ótimo acabamento, ideal para simbolizar momentos especiais. Gravação dos nomes e caixinha inclusas como cortesia. Consulte numeração, prazo e parcelamento em até 6x sem juros pelo WhatsApp.";"combo-alianca-prata-950-solitario-590.png";"não";"não";"sim";"disponível"
"Aliança Prata 950 Coração Vazado";"Alianças";"Alianças Prata";"Prata 950";"340";"";"";"";"";"R$ 340,00";"Até 6x sem juros";"Aliança em prata 950 com visual delicado e ótimo acabamento, ideal para simbolizar momentos especiais. Gravação dos nomes e caixinha inclusas como cortesia. Consulte numeração, prazo e parcelamento em até 6x sem juros pelo WhatsApp.";"alianca-prata-950-coracao-vazado-340.jpg";"não";"não";"sim";"disponível"
"Aliança Prata 950 Fosca";"Alianças";"Alianças Prata";"Prata 950";"380";"";"";"";"";"R$ 380,00";"Até 6x sem juros";"Aliança em prata 950 com visual delicado e ótimo acabamento, ideal para simbolizar momentos especiais. Gravação dos nomes e caixinha inclusas como cortesia. Consulte numeração, prazo e parcelamento em até 6x sem juros pelo WhatsApp.";"alianca-prata-950-fosca-380.jpg";"não";"não";"sim";"disponível"
"Aliança Prata 950 Fosca";"Alianças";"Alianças Prata";"Prata 950";"410";"";"";"";"";"R$ 410,00";"Até 6x sem juros";"Aliança em prata 950 com visual delicado e ótimo acabamento, ideal para simbolizar momentos especiais. Gravação dos nomes e caixinha inclusas como cortesia. Consulte numeração, prazo e parcelamento em até 6x sem juros pelo WhatsApp.";"alianca-prata-950-fosca-410.jpg";"não";"não";"sim";"disponível"
"Aliança Prata 950 Fosca";"Alianças";"Alianças Prata";"Prata 950";"590";"";"";"";"";"R$ 590,00";"Até 6x sem juros";"Aliança em prata 950 com visual delicado e ótimo acabamento, ideal para simbolizar momentos especiais. Gravação dos nomes e caixinha inclusas como cortesia. Consulte numeração, prazo e parcelamento em até 6x sem juros pelo WhatsApp.";"alianca-prata-950-fosca-590.jpg";"não";"não";"sim";"disponível"
"Aliança Prata 950 Lisa Redonda";"Alianças";"Alianças Prata";"Prata 950";"280";"";"";"";"";"R$ 280,00";"Até 6x sem juros";"Aliança em prata 950 com visual delicado e ótimo acabamento, ideal para simbolizar momentos especiais. Gravação dos nomes e caixinha inclusas como cortesia. Consulte numeração, prazo e parcelamento em até 6x sem juros pelo WhatsApp.";"alianca-prata-950-lisa-redonda-280.jpg";"não";"não";"sim";"disponível"
"Aliança Prata 950 Namoro";"Alianças";"Alianças Prata";"Prata 950";"320";"";"";"";"";"R$ 320,00";"Até 6x sem juros";"Aliança em prata 950 com visual delicado e ótimo acabamento, ideal para simbolizar momentos especiais. Gravação dos nomes e caixinha inclusas como cortesia. Consulte numeração, prazo e parcelamento em até 6x sem juros pelo WhatsApp.";"alianca-prata-950-namoro-320.jpg";"não";"não";"sim";"disponível"
"Aliança Prata 950 Namoro";"Alianças";"Alianças Prata";"Prata 950";"380";"";"";"";"";"R$ 380,00";"Até 6x sem juros";"Aliança em prata 950 com visual delicado e ótimo acabamento, ideal para simbolizar momentos especiais. Gravação dos nomes e caixinha inclusas como cortesia. Consulte numeração, prazo e parcelamento em até 6x sem juros pelo WhatsApp.";"alianca-prata-950-namoro-380 (2).jpg";"não";"não";"sim";"disponível"
"Aliança Prata 950 Namoro";"Alianças";"Alianças Prata";"Prata 950";"380";"";"";"";"";"R$ 380,00";"Até 6x sem juros";"Aliança em prata 950 com visual delicado e ótimo acabamento, ideal para simbolizar momentos especiais. Gravação dos nomes e caixinha inclusas como cortesia. Consulte numeração, prazo e parcelamento em até 6x sem juros pelo WhatsApp.";"alianca-prata-950-namoro-380 (3).jpg";"não";"não";"sim";"disponível"
"Aliança Prata 950 Namoro";"Alianças";"Alianças Prata";"Prata 950";"380";"";"";"";"";"R$ 380,00";"Até 6x sem juros";"Aliança em prata 950 com visual delicado e ótimo acabamento, ideal para simbolizar momentos especiais. Gravação dos nomes e caixinha inclusas como cortesia. Consulte numeração, prazo e parcelamento em até 6x sem juros pelo WhatsApp.";"alianca-prata-950-namoro-380.jpg";"não";"não";"sim";"disponível"
"Aliança Prata 950 Namoro";"Alianças";"Alianças Prata";"Prata 950";"440";"";"";"";"";"R$ 440,00";"Até 6x sem juros";"Aliança em prata 950 com visual delicado e ótimo acabamento, ideal para simbolizar momentos especiais. Gravação dos nomes e caixinha inclusas como cortesia. Consulte numeração, prazo e parcelamento em até 6x sem juros pelo WhatsApp.";"alianca-prata-950-namoro-440.jpg";"não";"não";"sim";"disponível"
"Aliança Prata 950 Namoro";"Alianças";"Alianças Prata";"Prata 950";"470";"";"";"";"";"R$ 470,00";"Até 6x sem juros";"Aliança em prata 950 com visual delicado e ótimo acabamento, ideal para simbolizar momentos especiais. Gravação dos nomes e caixinha inclusas como cortesia. Consulte numeração, prazo e parcelamento em até 6x sem juros pelo WhatsApp.";"alianca-prata-950-namoro-470.jpg";"não";"não";"sim";"disponível"
"Aliança Prata 950 Namoro";"Alianças";"Alianças Prata";"Prata 950";"560";"";"";"";"";"R$ 560,00";"Até 6x sem juros";"Aliança em prata 950 com visual delicado e ótimo acabamento, ideal para simbolizar momentos especiais. Gravação dos nomes e caixinha inclusas como cortesia. Consulte numeração, prazo e parcelamento em até 6x sem juros pelo WhatsApp.";"alianca-prata-950-namoro-560.jpg";"não";"não";"sim";"disponível"
"Aliança Prata 950 Namoro";"Alianças";"Alianças Prata";"Prata 950";"620";"";"";"";"";"R$ 620,00";"Até 6x sem juros";"Aliança em prata 950 com visual delicado e ótimo acabamento, ideal para simbolizar momentos especiais. Gravação dos nomes e caixinha inclusas como cortesia. Consulte numeração, prazo e parcelamento em até 6x sem juros pelo WhatsApp.";"alianca-prata-950-namoro-620.jpg";"não";"não";"sim";"disponível"
"Aliança Prata 950 Trabalhada Estrela";"Alianças";"Alianças Prata";"Prata 950";"430";"";"";"";"";"R$ 430,00";"Até 6x sem juros";"Aliança em prata 950 com visual delicado e ótimo acabamento, ideal para simbolizar momentos especiais. Gravação dos nomes e caixinha inclusas como cortesia. Consulte numeração, prazo e parcelamento em até 6x sem juros pelo WhatsApp.";"alianca-prata-950-trabalhada-estrela-430.jpg";"não";"não";"sim";"disponível"
"Aliança Prata 950 Trabalhado";"Alianças";"Alianças Prata";"Prata 950";"590";"";"";"";"";"R$ 590,00";"Até 6x sem juros";"Aliança em prata 950 com visual delicado e ótimo acabamento, ideal para simbolizar momentos especiais. Gravação dos nomes e caixinha inclusas como cortesia. Consulte numeração, prazo e parcelamento em até 6x sem juros pelo WhatsApp.";"alianca-prata-950-trabalhado-590.jpg";"não";"não";"sim";"disponível"
"Combo Alianças Ouro 18k + Anel Solitário";"Alianças";"Alianças Ouro 18k";"Ouro 18k";"5200";"";"";"";"";"R$ 5.200,00";"Até 12x sem juros";"Combo completo com par de alianças em ouro 18k e anel solitário, feito sob encomenda para momentos especiais. Confeccionamos diversos modelos em até 3 dias. Gravação dos nomes e caixinha inclusas como cortesia. Consulte numeração, prazo e parcelamento em até 12x sem juros pelo WhatsApp.";"combo-alianca-ouro-18k-solitario-5200.png";"não";"sim";"sim";"sob encomenda"
"Combo Alianças Prata 950 + Anel Solitário";"Alianças";"Alianças Prata";"Prata 950";"299";"";"";"";"";"R$ 299,00";"Até 6x sem juros";"Combo completo com par de alianças em prata 950 e anel solitário, ideal para pedidos de namoro e momentos especiais. Gravação dos nomes e caixinha inclusas como cortesia. Consulte numeração, prazo e parcelamento em até 6x sem juros pelo WhatsApp.";"combo-alianca-prata-950-solitario-299.jpg";"não";"não";"sim";"disponível"
"Combo Alianças Prata 950 + Anel Solitário";"Alianças";"Alianças Prata";"Prata 950";"349";"";"";"";"";"R$ 349,00";"Até 6x sem juros";"Combo completo com par de alianças em prata 950 e anel solitário, ideal para pedidos de namoro e momentos especiais. Gravação dos nomes e caixinha inclusas como cortesia. Consulte numeração, prazo e parcelamento em até 6x sem juros pelo WhatsApp.";"combo-alianca-prata-950-solitario-349.png";"não";"não";"sim";"disponível"
"Combo Alianças Prata 950 + Anel Solitário";"Alianças";"Alianças Prata";"Prata 950";"299";"";"";"";"";"R$ 299,00";"Até 6x sem juros";"Combo completo com par de alianças em prata 950 e anel solitário, ideal para pedidos de namoro e momentos especiais. Gravação dos nomes e caixinha inclusas como cortesia. Consulte numeração, prazo e parcelamento em até 6x sem juros pelo WhatsApp.";"combo-alianca-prata-950-solitario-quadrado-liso-299.jpg";"não";"não";"sim";"disponível"
"Aliança Prata 950 Trabalhado";"Alianças";"Alianças Prata";"Prata 950";"360";"";"";"";"6";"R$ 360,00";"Até 6x sem juros";"Aliança em prata 950 com visual delicado e ótimo acabamento, ideal para simbolizar momentos especiais. Gravação dos nomes e caixinha inclusas como cortesia. Consulte numeração, prazo e parcelamento em até 6x sem juros pelo WhatsApp.";"alianca-prata-950-trabalhado-360.png";"não";"não";"sim";"disponível"
"Aliança Prata 950 Trabalhado com Pedras";"Alianças";"Alianças Prata";"Prata 950";"760";"";"";"";"6";"R$ 760,00";"Até 6x sem juros";"Aliança em prata 950 com visual delicado e ótimo acabamento, ideal para simbolizar momentos especiais. Gravação dos nomes e caixinha inclusas como cortesia. Consulte numeração, prazo e parcelamento em até 6x sem juros pelo WhatsApp.";"alianca-prata-950-trabalhado-com-pedras-760.png";"não";"não";"sim";"disponível"
"Aliança Prata 950 Trabalhado Fosco";"Alianças";"Alianças Prata";"Prata 950";"590";"";"";"";"6";"R$ 590,00";"Até 6x sem juros";"Aliança em prata 950 com visual delicado e ótimo acabamento, ideal para simbolizar momentos especiais. Gravação dos nomes e caixinha inclusas como cortesia. Consulte numeração, prazo e parcelamento em até 6x sem juros pelo WhatsApp.";"alianca-prata-950-trabalhado-fosco-590.png";"não";"não";"sim";"disponível"
"Alianças Ouro 18k 750 com Coração";"Alianças";"Alianças Ouro 18k";"Ouro 18k";"6100";"6900";"";"";"12";"R$ 6.100,00";"Até 12x sem juros";"Aliança em ouro 18k/750 com acabamento elegante, feita sob encomenda para momentos especiais. Confeccionamos diversos modelos em até 3 dias. Gravação dos nomes e caixinha inclusas como cortesia. Consulte numeração, prazo e parcelamento em até 12x sem juros pelo WhatsApp.";"aliancas-ouro-18k-750-com-coracao-6900-6100.png";"não";"sim";"sim";"sob encomenda"
"Alianças Ouro 18k 750 com Diamantes";"Alianças";"Alianças Ouro 18k";"Ouro 18k";"9600";"";"";"";"12";"R$ 9.600,00";"Até 12x sem juros";"Aliança em ouro 18k/750 com acabamento elegante, feita sob encomenda para momentos especiais. Confeccionamos diversos modelos em até 3 dias. Gravação dos nomes e caixinha inclusas como cortesia. Consulte numeração, prazo e parcelamento em até 12x sem juros pelo WhatsApp.";"aliancas-ouro-18k-750-com-diamantes-9600.png";"não";"sim";"sim";"sob encomenda"
"Alianças Ouro 18k 750 Concava Fosca";"Alianças";"Alianças Ouro 18k";"Ouro 18k";"6400";"";"";"";"12";"R$ 6.400,00";"Até 12x sem juros";"Aliança em ouro 18k/750 com acabamento elegante, feita sob encomenda para momentos especiais. Confeccionamos diversos modelos em até 3 dias. Gravação dos nomes e caixinha inclusas como cortesia. Consulte numeração, prazo e parcelamento em até 12x sem juros pelo WhatsApp.";"aliancas-ouro-18k-750-concava-fosca-6400.png";"não";"sim";"sim";"sob encomenda"
"Alianças Ouro 18k 750 Coração";"Alianças";"Alianças Ouro 18k";"Ouro 18k";"5900";"";"";"";"12";"R$ 5.900,00";"Até 12x sem juros";"Aliança em ouro 18k/750 com acabamento elegante, feita sob encomenda para momentos especiais. Confeccionamos diversos modelos em até 3 dias. Gravação dos nomes e caixinha inclusas como cortesia. Consulte numeração, prazo e parcelamento em até 12x sem juros pelo WhatsApp.";"aliancas-ouro-18k-750-coracao-5900.png";"não";"sim";"sim";"sob encomenda"
"Alianças Ouro 18k 750 Diamantes";"Alianças";"Alianças Ouro 18k";"Ouro 18k";"8300";"";"";"";"12";"R$ 8.300,00";"Até 12x sem juros";"Aliança em ouro 18k/750 com acabamento elegante, feita sob encomenda para momentos especiais. Confeccionamos diversos modelos em até 3 dias. Gravação dos nomes e caixinha inclusas como cortesia. Consulte numeração, prazo e parcelamento em até 12x sem juros pelo WhatsApp.";"aliancas-ouro-18k-750-diamantes-8300.png";"não";"sim";"sim";"sob encomenda"
"Alianças Ouro 18k 750 Fosca";"Alianças";"Alianças Ouro 18k";"Ouro 18k";"4300";"4900";"";"";"12";"R$ 4.300,00";"Até 12x sem juros";"Aliança em ouro 18k/750 com acabamento elegante, feita sob encomenda para momentos especiais. Confeccionamos diversos modelos em até 3 dias. Gravação dos nomes e caixinha inclusas como cortesia. Consulte numeração, prazo e parcelamento em até 12x sem juros pelo WhatsApp.";"aliancas-ouro-18k-750-fosca-4900-4300.png";"não";"sim";"sim";"sob encomenda"
"Alianças Ouro 18k 750 Fosca";"Alianças";"Alianças Ouro 18k";"Ouro 18k";"6200";"";"";"";"12";"R$ 6.200,00";"Até 12x sem juros";"Aliança em ouro 18k/750 com acabamento elegante, feita sob encomenda para momentos especiais. Confeccionamos diversos modelos em até 3 dias. Gravação dos nomes e caixinha inclusas como cortesia. Consulte numeração, prazo e parcelamento em até 12x sem juros pelo WhatsApp.";"aliancas-ouro-18k-750-fosca-6200.png";"não";"sim";"sim";"sob encomenda"
"Alianças Ouro 18k 750 Fosca";"Alianças";"Alianças Ouro 18k";"Ouro 18k";"6300";"";"";"";"12";"R$ 6.300,00";"Até 12x sem juros";"Aliança em ouro 18k/750 com acabamento elegante, feita sob encomenda para momentos especiais. Confeccionamos diversos modelos em até 3 dias. Gravação dos nomes e caixinha inclusas como cortesia. Consulte numeração, prazo e parcelamento em até 12x sem juros pelo WhatsApp.";"aliancas-ouro-18k-750-fosca-6300.png";"não";"sim";"sim";"sob encomenda"
"Alianças Ouro 18k 750 Fosca";"Alianças";"Alianças Ouro 18k";"Ouro 18k";"6790";"";"";"";"12";"R$ 6.790,00";"Até 12x sem juros";"Aliança em ouro 18k/750 com acabamento elegante, feita sob encomenda para momentos especiais. Confeccionamos diversos modelos em até 3 dias. Gravação dos nomes e caixinha inclusas como cortesia. Consulte numeração, prazo e parcelamento em até 12x sem juros pelo WhatsApp.";"aliancas-ouro-18k-750-fosca-6790.png";"não";"sim";"sim";"sob encomenda"
"Alianças Ouro 18k 750 Lisa";"Alianças";"Alianças Ouro 18k";"Ouro 18k";"6700";"";"";"";"12";"R$ 6.700,00";"Até 12x sem juros";"Aliança em ouro 18k/750 com acabamento elegante, feita sob encomenda para momentos especiais. Confeccionamos diversos modelos em até 3 dias. Gravação dos nomes e caixinha inclusas como cortesia. Consulte numeração, prazo e parcelamento em até 12x sem juros pelo WhatsApp.";"aliancas-ouro-18k-750-Lisa-6700.png";"não";"sim";"sim";"sob encomenda"
"Alianças Ouro 18k 750 Pedras";"Alianças";"Alianças Ouro 18k";"Ouro 18k";"6100";"";"";"";"12";"R$ 6.100,00";"Até 12x sem juros";"Aliança em ouro 18k/750 com acabamento elegante, feita sob encomenda para momentos especiais. Confeccionamos diversos modelos em até 3 dias. Gravação dos nomes e caixinha inclusas como cortesia. Consulte numeração, prazo e parcelamento em até 12x sem juros pelo WhatsApp.";"aliancas-ouro-18k-750-pedras-6100.png";"não";"sim";"sim";"sob encomenda"
"Alianças Ouro 18k 750 Pedras";"Alianças";"Alianças Ouro 18k";"Ouro 18k";"8900";"";"";"";"12";"R$ 8.900,00";"Até 12x sem juros";"Aliança em ouro 18k/750 com acabamento elegante, feita sob encomenda para momentos especiais. Confeccionamos diversos modelos em até 3 dias. Gravação dos nomes e caixinha inclusas como cortesia. Consulte numeração, prazo e parcelamento em até 12x sem juros pelo WhatsApp.";"aliancas-ouro-18k-750-pedras-8900.png";"não";"sim";"sim";"sob encomenda"
"Alianças Ouro 18k 750 Pedras";"Alianças";"Alianças Ouro 18k";"Ouro 18k";"9800";"";"";"";"12";"R$ 9.800,00";"Até 12x sem juros";"Aliança em ouro 18k/750 com acabamento elegante, feita sob encomenda para momentos especiais. Confeccionamos diversos modelos em até 3 dias. Gravação dos nomes e caixinha inclusas como cortesia. Consulte numeração, prazo e parcelamento em até 12x sem juros pelo WhatsApp.";"aliancas-ouro-18k-750-pedras-9800.png";"não";"sim";"sim";"sob encomenda"
"Alianças Ouro 18k 750 Persolizado Inicial Diamantes";"Alianças";"Alianças Ouro 18k";"Ouro 18k";"7900";"8900";"";"";"12";"R$ 7.900,00";"Até 12x sem juros";"Aliança em ouro 18k/750 com acabamento elegante, feita sob encomenda para momentos especiais. Confeccionamos diversos modelos em até 3 dias. Gravação dos nomes e caixinha inclusas como cortesia. Consulte numeração, prazo e parcelamento em até 12x sem juros pelo WhatsApp.";"aliancas-ouro-18k-750-persolizado-inicial-diamantes-8900-7900.png";"não";"sim";"sim";"sob encomenda"
"Alianças Ouro 18k 750 Polida";"Alianças";"Alianças Ouro 18k";"Ouro 18k";"3200";"";"";"";"12";"R$ 3.200,00";"Até 12x sem juros";"Aliança em ouro 18k/750 com acabamento elegante, feita sob encomenda para momentos especiais. Confeccionamos diversos modelos em até 3 dias. Gravação dos nomes e caixinha inclusas como cortesia. Consulte numeração, prazo e parcelamento em até 12x sem juros pelo WhatsApp.";"aliancas-ouro-18k-750-polida-3200.png";"não";"sim";"sim";"sob encomenda"
"Alianças Ouro 18k 750 Polida";"Alianças";"Alianças Ouro 18k";"Ouro 18k";"4800";"";"";"";"12";"R$ 4.800,00";"Até 12x sem juros";"Aliança em ouro 18k/750 com acabamento elegante, feita sob encomenda para momentos especiais. Confeccionamos diversos modelos em até 3 dias. Gravação dos nomes e caixinha inclusas como cortesia. Consulte numeração, prazo e parcelamento em até 12x sem juros pelo WhatsApp.";"aliancas-ouro-18k-750-polida-4800.png";"não";"sim";"sim";"sob encomenda"
"Alianças Ouro 18k 750 Trabalhado";"Alianças";"Alianças Ouro 18k";"Ouro 18k";"2700";"3200";"";"";"12";"R$ 2.700,00";"Até 12x sem juros";"Aliança em ouro 18k/750 com acabamento elegante, feita sob encomenda para momentos especiais. Confeccionamos diversos modelos em até 3 dias. Gravação dos nomes e caixinha inclusas como cortesia. Consulte numeração, prazo e parcelamento em até 12x sem juros pelo WhatsApp.";"aliancas-ouro-18k-750-trabalhado-3200-2700.jpeg";"não";"sim";"sim";"sob encomenda"
"Alianças Ouro 18k 750 Trabalhado";"Alianças";"Alianças Ouro 18k";"Ouro 18k";"2800";"3300";"";"";"12";"R$ 2.800,00";"Até 12x sem juros";"Aliança em ouro 18k/750 com acabamento elegante, feita sob encomenda para momentos especiais. Confeccionamos diversos modelos em até 3 dias. Gravação dos nomes e caixinha inclusas como cortesia. Consulte numeração, prazo e parcelamento em até 12x sem juros pelo WhatsApp.";"aliancas-ouro-18k-750-trabalhado-3300-2800.png";"não";"sim";"sim";"sob encomenda"
"Alianças Ouro 18k 750 Trabalhado";"Alianças";"Alianças Ouro 18k";"Ouro 18k";"3700";"";"";"";"12";"R$ 3.700,00";"Até 12x sem juros";"Aliança em ouro 18k/750 com acabamento elegante, feita sob encomenda para momentos especiais. Confeccionamos diversos modelos em até 3 dias. Gravação dos nomes e caixinha inclusas como cortesia. Consulte numeração, prazo e parcelamento em até 12x sem juros pelo WhatsApp.";"aliancas-ouro-18k-750-trabalhado-3700.png";"não";"sim";"sim";"sob encomenda"
"Alianças Ouro 18k 750 Trabalhado";"Alianças";"Alianças Ouro 18k";"Ouro 18k";"4800";"";"";"";"12";"R$ 4.800,00";"Até 12x sem juros";"Aliança em ouro 18k/750 com acabamento elegante, feita sob encomenda para momentos especiais. Confeccionamos diversos modelos em até 3 dias. Gravação dos nomes e caixinha inclusas como cortesia. Consulte numeração, prazo e parcelamento em até 12x sem juros pelo WhatsApp.";"aliancas-ouro-18k-750-trabalhado-4800.png";"não";"sim";"sim";"sob encomenda"
"Alianças Ouro 18k 750 Trabalhado";"Alianças";"Alianças Ouro 18k";"Ouro 18k";"9200";"";"";"";"12";"R$ 9.200,00";"Até 12x sem juros";"Aliança em ouro 18k/750 com acabamento elegante, feita sob encomenda para momentos especiais. Confeccionamos diversos modelos em até 3 dias. Gravação dos nomes e caixinha inclusas como cortesia. Consulte numeração, prazo e parcelamento em até 12x sem juros pelo WhatsApp.";"aliancas-ouro-18k-750-trabalhado-9200.png";"não";"sim";"sim";"sob encomenda"
"Alianças Ouro 18k 750 Trabalhado Folha";"Alianças";"Alianças Ouro 18k";"Ouro 18k";"6980";"7350";"";"";"12";"R$ 6.980,00";"Até 12x sem juros";"Aliança em ouro 18k/750 com acabamento elegante, feita sob encomenda para momentos especiais. Confeccionamos diversos modelos em até 3 dias. Gravação dos nomes e caixinha inclusas como cortesia. Consulte numeração, prazo e parcelamento em até 12x sem juros pelo WhatsApp.";"aliancas-ouro-18k-750-trabalhado-folha-7350-6980.png";"não";"sim";"sim";"sob encomenda"
"Alianças Ouro 18k 750 Trabalhado Pedras";"Alianças";"Alianças Ouro 18k";"Ouro 18k";"7400";"";"";"";"12";"R$ 7.400,00";"Até 12x sem juros";"Aliança em ouro 18k/750 com acabamento elegante, feita sob encomenda para momentos especiais. Confeccionamos diversos modelos em até 3 dias. Gravação dos nomes e caixinha inclusas como cortesia. Consulte numeração, prazo e parcelamento em até 12x sem juros pelo WhatsApp.";"aliancas-ouro-18k-750-trabalhado-pedras-7400.png";"não";"sim";"sim";"sob encomenda"
"Aliança Prata 950 Batimentos Cardiacos";"Alianças";"Alianças Prata";"Prata 950";"490";"";"";"";"6";"R$ 490,00";"Até 6x sem juros";"Aliança em prata 950 com visual delicado e ótimo acabamento, ideal para simbolizar momentos especiais. Gravação dos nomes e caixinha inclusas como cortesia. Consulte numeração, prazo e parcelamento em até 6x sem juros pelo WhatsApp.";"alianca-prata-950-batimentos-cardiacos-490.png";"não";"não";"sim";"disponível"
"Aliança Prata 950 Chanfrado";"Alianças";"Alianças Prata";"Prata 950";"";"";"";"";"";"Sob orçamento";"Consulte condições de parcelamento";"Aliança em prata 950 com visual delicado e ótimo acabamento, ideal para simbolizar momentos especiais. Gravação dos nomes e caixinha inclusas como cortesia. Consulte numeração, prazo e parcelamento em até 6x sem juros pelo WhatsApp.";"alianca-prata-950-chanfrado-.png";"não";"sim";"sim";"sob encomenda"
"Aliança Prata 950 Chanfrado Sol e Lua";"Alianças";"Alianças Prata";"Prata 950";"460";"";"";"";"6";"R$ 460,00";"Até 6x sem juros";"Aliança em prata 950 com visual delicado e ótimo acabamento, ideal para simbolizar momentos especiais. Gravação dos nomes e caixinha inclusas como cortesia. Consulte numeração, prazo e parcelamento em até 6x sem juros pelo WhatsApp.";"alianca-prata-950-chanfrado-sol-e-lua-460.png";"não";"não";"sim";"disponível"
"Aliança Prata 950 com Frezo Dourado Fosco";"Alianças";"Alianças Prata";"Prata 950";"420";"";"";"";"6";"R$ 420,00";"Até 6x sem juros";"Aliança em prata 950 com visual delicado e ótimo acabamento, ideal para simbolizar momentos especiais. Gravação dos nomes e caixinha inclusas como cortesia. Consulte numeração, prazo e parcelamento em até 6x sem juros pelo WhatsApp.";"alianca-prata-950-com-frezo-dourado-fosco-420.png";"não";"não";"sim";"disponível"
"Aliança Prata 950 com Frezo Fosco";"Alianças";"Alianças Prata";"Prata 950";"390";"";"";"";"6";"R$ 390,00";"Até 6x sem juros";"Aliança em prata 950 com visual delicado e ótimo acabamento, ideal para simbolizar momentos especiais. Gravação dos nomes e caixinha inclusas como cortesia. Consulte numeração, prazo e parcelamento em até 6x sem juros pelo WhatsApp.";"alianca-prata-950-com-frezo-fosco-390.png";"não";"não";"sim";"disponível"
"Aliança Prata 950 com Frezo Fosco";"Alianças";"Alianças Prata";"Prata 950";"560";"";"";"";"6";"R$ 560,00";"Até 6x sem juros";"Aliança em prata 950 com visual delicado e ótimo acabamento, ideal para simbolizar momentos especiais. Gravação dos nomes e caixinha inclusas como cortesia. Consulte numeração, prazo e parcelamento em até 6x sem juros pelo WhatsApp.";"alianca-prata-950-com-frezo-fosco-560.png";"não";"não";"sim";"disponível"
"Aliança Prata 950 com Pedras";"Alianças";"Alianças Prata";"Prata 950";"490";"";"";"";"6";"R$ 490,00";"Até 6x sem juros";"Aliança em prata 950 com visual delicado e ótimo acabamento, ideal para simbolizar momentos especiais. Gravação dos nomes e caixinha inclusas como cortesia. Consulte numeração, prazo e parcelamento em até 6x sem juros pelo WhatsApp.";"alianca-prata-950-com-pedras-490.png";"não";"não";"sim";"disponível"
"Aliança Prata 950 com Pedras";"Alianças";"Alianças Prata";"Prata 950";"990";"";"";"";"6";"R$ 990,00";"Até 6x sem juros";"Aliança em prata 950 com visual delicado e ótimo acabamento, ideal para simbolizar momentos especiais. Gravação dos nomes e caixinha inclusas como cortesia. Consulte numeração, prazo e parcelamento em até 6x sem juros pelo WhatsApp.";"alianca-prata-950-com-pedras-990.png";"não";"não";"sim";"disponível"
"Aliança Prata 950 com Resina";"Alianças";"Alianças Prata";"Prata 950";"590";"";"";"";"6";"R$ 590,00";"Até 6x sem juros";"Aliança em prata 950 com visual delicado e ótimo acabamento, ideal para simbolizar momentos especiais. Gravação dos nomes e caixinha inclusas como cortesia. Consulte numeração, prazo e parcelamento em até 6x sem juros pelo WhatsApp.";"alianca-prata-950-com-resina-590.png";"não";"não";"sim";"disponível"
"Aliança Prata 950 com Resina Colorida";"Alianças";"Alianças Prata";"Prata 950";"460";"";"";"";"6";"R$ 460,00";"Até 6x sem juros";"Aliança em prata 950 com visual delicado e ótimo acabamento, ideal para simbolizar momentos especiais. Gravação dos nomes e caixinha inclusas como cortesia. Consulte numeração, prazo e parcelamento em até 6x sem juros pelo WhatsApp.";"alianca-prata-950-com-resina-colorida-460.png";"não";"não";"sim";"disponível"
"Aliança Prata 950 com Simbolo Infinito";"Alianças";"Alianças Prata";"Prata 950";"460";"";"";"";"6";"R$ 460,00";"Até 6x sem juros";"Aliança em prata 950 com visual delicado e ótimo acabamento, ideal para simbolizar momentos especiais. Gravação dos nomes e caixinha inclusas como cortesia. Consulte numeração, prazo e parcelamento em até 6x sem juros pelo WhatsApp.";"alianca-prata-950-com-simbolo-infinito-460.png";"não";"não";"sim";"disponível"
"Aliança Prata 950 Coração com Frezo Dourado";"Alianças";"Alianças Prata";"Prata 950";"890";"";"";"";"6";"R$ 890,00";"Até 6x sem juros";"Aliança em prata 950 com visual delicado e ótimo acabamento, ideal para simbolizar momentos especiais. Gravação dos nomes e caixinha inclusas como cortesia. Consulte numeração, prazo e parcelamento em até 6x sem juros pelo WhatsApp.";"alianca-prata-950-coracao-com-frezo-dourado-890.png";"não";"não";"sim";"disponível"
"Aliança Prata 950 Data Personalizada Polida";"Alianças";"Alianças Prata";"Prata 950";"520";"";"";"";"6";"R$ 520,00";"Até 6x sem juros";"Aliança em prata 950 com visual delicado e ótimo acabamento, ideal para simbolizar momentos especiais. Gravação dos nomes e caixinha inclusas como cortesia. Consulte numeração, prazo e parcelamento em até 6x sem juros pelo WhatsApp.";"alianca-prata-950-data-personalizada-polida-520.png";"não";"não";"sim";"disponível"
"Aliança Prata 950 Fina";"Alianças";"Alianças Prata";"Prata 950";"320";"";"";"";"6";"R$ 320,00";"Até 6x sem juros";"Aliança em prata 950 com visual delicado e ótimo acabamento, ideal para simbolizar momentos especiais. Gravação dos nomes e caixinha inclusas como cortesia. Consulte numeração, prazo e parcelamento em até 6x sem juros pelo WhatsApp.";"alianca-prata-950-fina-320.png";"não";"não";"sim";"disponível"
"Aliança Prata 950 Personalizado Nome";"Alianças";"Alianças Prata";"Prata 950";"490";"";"";"";"6";"R$ 490,00";"Até 6x sem juros";"Aliança em prata 950 com visual delicado e ótimo acabamento, ideal para simbolizar momentos especiais. Gravação dos nomes e caixinha inclusas como cortesia. Consulte numeração, prazo e parcelamento em até 6x sem juros pelo WhatsApp.";"alianca-prata-950-personalizado-nome-490.png";"não";"não";"sim";"disponível"
"Aliança Prata 950 Polida";"Alianças";"Alianças Prata";"Prata 950";"490";"";"";"";"6";"R$ 490,00";"Até 6x sem juros";"Aliança em prata 950 com visual delicado e ótimo acabamento, ideal para simbolizar momentos especiais. Gravação dos nomes e caixinha inclusas como cortesia. Consulte numeração, prazo e parcelamento em até 6x sem juros pelo WhatsApp.";"alianca-prata-950-polida-490.png";"não";"não";"sim";"disponível"
"Aliança Prata 950 Polida com Frezo";"Alianças";"Alianças Prata";"Prata 950";"390";"";"";"";"6";"R$ 390,00";"Até 6x sem juros";"Aliança em prata 950 com visual delicado e ótimo acabamento, ideal para simbolizar momentos especiais. Gravação dos nomes e caixinha inclusas como cortesia. Consulte numeração, prazo e parcelamento em até 6x sem juros pelo WhatsApp.";"alianca-prata-950-polida-com-frezo-390.png";"não";"não";"sim";"disponível"
"Aliança Prata 950 Redonda";"Alianças";"Alianças Prata";"Prata 950";"360";"";"";"";"6";"R$ 360,00";"Até 6x sem juros";"Aliança em prata 950 com visual delicado e ótimo acabamento, ideal para simbolizar momentos especiais. Gravação dos nomes e caixinha inclusas como cortesia. Consulte numeração, prazo e parcelamento em até 6x sem juros pelo WhatsApp.";"alianca-prata-950-redonda-360.png";"não";"não";"sim";"disponível"
"Aliança Prata 950 Redonda com Frezo Polida";"Alianças";"Alianças Prata";"Prata 950";"390";"";"";"";"6";"R$ 390,00";"Até 6x sem juros";"Aliança em prata 950 com visual delicado e ótimo acabamento, ideal para simbolizar momentos especiais. Gravação dos nomes e caixinha inclusas como cortesia. Consulte numeração, prazo e parcelamento em até 6x sem juros pelo WhatsApp.";"alianca-prata-950-redonda-com-frezo-polida-390.png";"não";"não";"sim";"disponível"
"Aliança Prata 950 Redonda com Pedra";"Alianças";"Alianças Prata";"Prata 950";"340";"";"";"";"6";"R$ 340,00";"Até 6x sem juros";"Aliança em prata 950 com visual delicado e ótimo acabamento, ideal para simbolizar momentos especiais. Gravação dos nomes e caixinha inclusas como cortesia. Consulte numeração, prazo e parcelamento em até 6x sem juros pelo WhatsApp.";"alianca-prata-950-redonda-com-pedra-340.png";"não";"não";"sim";"disponível"
"Aliança Prata 950 Trabalhado";"Alianças";"Alianças Prata";"Prata 950";"590";"";"";"";"6";"R$ 590,00";"Até 6x sem juros";"Aliança em prata 950 com visual delicado e ótimo acabamento, ideal para simbolizar momentos especiais. Gravação dos nomes e caixinha inclusas como cortesia. Consulte numeração, prazo e parcelamento em até 6x sem juros pelo WhatsApp.";"alianca-prata-950-trabalhado-590.png";"não";"não";"sim";"disponível"
"Aliança Prata 950 Trabalhado";"Alianças";"Alianças Prata";"Prata 950";"760";"";"";"";"6";"R$ 760,00";"Até 6x sem juros";"Aliança em prata 950 com visual delicado e ótimo acabamento, ideal para simbolizar momentos especiais. Gravação dos nomes e caixinha inclusas como cortesia. Consulte numeração, prazo e parcelamento em até 6x sem juros pelo WhatsApp.";"alianca-prata-950-trabalhado-760.png";"não";"não";"sim";"disponível"
"Aliança Prata 950 Trabalhado com Pedras";"Alianças";"Alianças Prata";"Prata 950";"520";"";"";"";"6";"R$ 520,00";"Até 6x sem juros";"Aliança em prata 950 com visual delicado e ótimo acabamento, ideal para simbolizar momentos especiais. Gravação dos nomes e caixinha inclusas como cortesia. Consulte numeração, prazo e parcelamento em até 6x sem juros pelo WhatsApp.";"alianca-prata-950-trabalhado-com-pedras-520.png";"não";"não";"sim";"disponível"
"Aliança Prata 950 Trabalhado Fosco";"Alianças";"Alianças Prata";"Prata 950";"460";"";"";"";"6";"R$ 460,00";"Até 6x sem juros";"Aliança em prata 950 com visual delicado e ótimo acabamento, ideal para simbolizar momentos especiais. Gravação dos nomes e caixinha inclusas como cortesia. Consulte numeração, prazo e parcelamento em até 6x sem juros pelo WhatsApp.";"alianca-prata-950-trabalhado-fosco-460.png";"não";"não";"sim";"disponível"
"Aliança Prata 950 Trabalhado Fosco";"Alianças";"Alianças Prata";"Prata 950";"490";"";"";"";"6";"R$ 490,00";"Até 6x sem juros";"Aliança em prata 950 com visual delicado e ótimo acabamento, ideal para simbolizar momentos especiais. Gravação dos nomes e caixinha inclusas como cortesia. Consulte numeração, prazo e parcelamento em até 6x sem juros pelo WhatsApp.";"alianca-prata-950-trabalhado-fosco-490.png";"não";"não";"sim";"disponível"
"Anel de Formatura em Ouro 18k";"Anéis";"Formatura";"Ouro 18k";"10640";"";"";"";"12";"R$ 10.640,00";"Até 12x sem juros";"Anel de formatura em Ouro 18k, personalizado de acordo com a área de formação do cliente.

A cor da pedra central será definida conforme o curso escolhido, e o símbolo aplicado nas laterais do anel também será personalizado de acordo com a profissão ou área de formação.

A imagem representa o modelo e o acabamento do anel. A cor da pedra e os símbolos laterais podem variar conforme a personalização solicitada.

Após a compra, nossa equipe entrará em contato para confirmar:

• Curso ou área de formação
• Cor da pedra
• Símbolo das laterais
• Numeração do aro

Produto personalizado e confeccionado sob encomenda.";"anel-formatura-ouro-18k-10640.jpeg";"não";"não";"sim";"disponível"
"Anel de Formatura em Ouro 18k";"Anéis";"Formatura";"Ouro 18k";"12780";"";"";"";"12";"R$ 12.780,00";"Até 12x sem juros";"Anel de formatura em Ouro 18k, personalizado de acordo com a área de formação do cliente.

A cor da pedra central será definida conforme o curso escolhido, e o símbolo aplicado nas laterais do anel também será personalizado de acordo com a profissão ou área de formação.

A imagem representa o modelo e o acabamento do anel. A cor da pedra e os símbolos laterais podem variar conforme a personalização solicitada.

Após a compra, nossa equipe entrará em contato para confirmar:

• Curso ou área de formação
• Cor da pedra
• Símbolo das laterais
• Numeração do aro

Produto personalizado e confeccionado sob encomenda.";"anel-formatura-ouro-18k-127840.jpeg";"não";"não";"sim";"disponível"
"Anel de Formatura em Ouro 18k";"Anéis";"Formatura";"Ouro 18k";"13300";"";"";"";"12";"R$ 13.300,00";"Até 12x sem juros";"Anel de formatura em Ouro 18k, personalizado de acordo com a área de formação do cliente.

A cor da pedra central será definida conforme o curso escolhido, e o símbolo aplicado nas laterais do anel também será personalizado de acordo com a profissão ou área de formação.

A imagem representa o modelo e o acabamento do anel. A cor da pedra e os símbolos laterais podem variar conforme a personalização solicitada.

Após a compra, nossa equipe entrará em contato para confirmar:

• Curso ou área de formação
• Cor da pedra
• Símbolo das laterais
• Numeração do aro

Produto personalizado e confeccionado sob encomenda.";"anel-formatura-ouro-18k-13300.jpeg";"não";"não";"sim";"disponível"
"Anel de Formatura em Ouro 18k";"Anéis";"Formatura";"Ouro 18k";"2520";"";"";"";"12";"R$ 2.520,00";"Até 12x sem juros";"Anel de formatura em Ouro 18k, personalizado de acordo com a área de formação do cliente.

A cor da pedra central será definida conforme o curso escolhido, e o símbolo aplicado nas laterais do anel também será personalizado de acordo com a profissão ou área de formação.

A imagem representa o modelo e o acabamento do anel. A cor da pedra e os símbolos laterais podem variar conforme a personalização solicitada.

Após a compra, nossa equipe entrará em contato para confirmar:

• Curso ou área de formação
• Cor da pedra
• Símbolo das laterais
• Numeração do aro

Produto personalizado e confeccionado sob encomenda.";"anel-formatura-ouro-18k-2520.jpeg";"não";"não";"sim";"disponível"
"Anel de Formatura em Ouro 18k";"Anéis";"Formatura";"Ouro 18k";"3220";"";"";"";"12";"R$ 3.220,00";"Até 12x sem juros";"Anel de formatura em Ouro 18k, personalizado de acordo com a área de formação do cliente.

A cor da pedra central será definida conforme o curso escolhido, e o símbolo aplicado nas laterais do anel também será personalizado de acordo com a profissão ou área de formação.

A imagem representa o modelo e o acabamento do anel. A cor da pedra e os símbolos laterais podem variar conforme a personalização solicitada.

Após a compra, nossa equipe entrará em contato para confirmar:

• Curso ou área de formação
• Cor da pedra
• Símbolo das laterais
• Numeração do aro

Produto personalizado e confeccionado sob encomenda.";"anel-formatura-ouro-18k-3220.jpeg";"não";"não";"sim";"disponível"
"Anel de Formatura em Ouro 18k";"Anéis";"Formatura";"Ouro 18k";"3640";"";"";"";"12";"R$ 3.640,00";"Até 12x sem juros";"Anel de formatura em Ouro 18k, personalizado de acordo com a área de formação do cliente.

A cor da pedra central será definida conforme o curso escolhido, e o símbolo aplicado nas laterais do anel também será personalizado de acordo com a profissão ou área de formação.

A imagem representa o modelo e o acabamento do anel. A cor da pedra e os símbolos laterais podem variar conforme a personalização solicitada.

Após a compra, nossa equipe entrará em contato para confirmar:

• Curso ou área de formação
• Cor da pedra
• Símbolo das laterais
• Numeração do aro

Produto personalizado e confeccionado sob encomenda.";"anel-formatura-ouro-18k-3640.jpeg";"não";"não";"sim";"disponível"
"Anel de Formatura em Ouro 18k";"Anéis";"Formatura";"Ouro 18k";"3780";"";"";"";"12";"R$ 3.780,00";"Até 12x sem juros";"Anel de formatura em Ouro 18k, personalizado de acordo com a área de formação do cliente.

A cor da pedra central será definida conforme o curso escolhido, e o símbolo aplicado nas laterais do anel também será personalizado de acordo com a profissão ou área de formação.

A imagem representa o modelo e o acabamento do anel. A cor da pedra e os símbolos laterais podem variar conforme a personalização solicitada.

Após a compra, nossa equipe entrará em contato para confirmar:

• Curso ou área de formação
• Cor da pedra
• Símbolo das laterais
• Numeração do aro

Produto personalizado e confeccionado sob encomenda.";"anel-formatura-ouro-18k-3780 (2).jpeg";"não";"não";"sim";"disponível"
"Anel de Formatura em Ouro 18k";"Anéis";"Formatura";"Ouro 18k";"3780";"";"";"";"12";"R$ 3.780,00";"Até 12x sem juros";"Anel de formatura em Ouro 18k, personalizado de acordo com a área de formação do cliente.

A cor da pedra central será definida conforme o curso escolhido, e o símbolo aplicado nas laterais do anel também será personalizado de acordo com a profissão ou área de formação.

A imagem representa o modelo e o acabamento do anel. A cor da pedra e os símbolos laterais podem variar conforme a personalização solicitada.

Após a compra, nossa equipe entrará em contato para confirmar:

• Curso ou área de formação
• Cor da pedra
• Símbolo das laterais
• Numeração do aro

Produto personalizado e confeccionado sob encomenda.";"anel-formatura-ouro-18k-3780 (3).jpeg";"não";"não";"sim";"disponível"
"Anel de Formatura em Ouro 18k";"Anéis";"Formatura";"Ouro 18k";"3780";"";"";"";"12";"R$ 3.780,00";"Até 12x sem juros";"Anel de formatura em Ouro 18k, personalizado de acordo com a área de formação do cliente.

A cor da pedra central será definida conforme o curso escolhido, e o símbolo aplicado nas laterais do anel também será personalizado de acordo com a profissão ou área de formação.

A imagem representa o modelo e o acabamento do anel. A cor da pedra e os símbolos laterais podem variar conforme a personalização solicitada.

Após a compra, nossa equipe entrará em contato para confirmar:

• Curso ou área de formação
• Cor da pedra
• Símbolo das laterais
• Numeração do aro

Produto personalizado e confeccionado sob encomenda.";"anel-formatura-ouro-18k-3780 (4).jpeg";"não";"não";"sim";"disponível"
"Anel de Formatura em Ouro 18k";"Anéis";"Formatura";"Ouro 18k";"3780";"";"";"";"12";"R$ 3.780,00";"Até 12x sem juros";"Anel de formatura em Ouro 18k, personalizado de acordo com a área de formação do cliente.

A cor da pedra central será definida conforme o curso escolhido, e o símbolo aplicado nas laterais do anel também será personalizado de acordo com a profissão ou área de formação.

A imagem representa o modelo e o acabamento do anel. A cor da pedra e os símbolos laterais podem variar conforme a personalização solicitada.

Após a compra, nossa equipe entrará em contato para confirmar:

• Curso ou área de formação
• Cor da pedra
• Símbolo das laterais
• Numeração do aro

Produto personalizado e confeccionado sob encomenda.";"anel-formatura-ouro-18k-3780 (5).jpeg";"não";"não";"sim";"disponível"
"Anel de Formatura em Ouro 18k";"Anéis";"Formatura";"Ouro 18k";"3780";"";"";"";"12";"R$ 3.780,00";"Até 12x sem juros";"Anel de formatura em Ouro 18k, personalizado de acordo com a área de formação do cliente.

A cor da pedra central será definida conforme o curso escolhido, e o símbolo aplicado nas laterais do anel também será personalizado de acordo com a profissão ou área de formação.

A imagem representa o modelo e o acabamento do anel. A cor da pedra e os símbolos laterais podem variar conforme a personalização solicitada.

Após a compra, nossa equipe entrará em contato para confirmar:

• Curso ou área de formação
• Cor da pedra
• Símbolo das laterais
• Numeração do aro

Produto personalizado e confeccionado sob encomenda.";"anel-formatura-ouro-18k-3780.jpeg";"não";"não";"sim";"disponível"
"Anel de Formatura em Ouro 18k";"Anéis";"Formatura";"Ouro 18k";"4060";"";"";"";"12";"R$ 4.060,00";"Até 12x sem juros";"Anel de formatura em Ouro 18k, personalizado de acordo com a área de formação do cliente.

A cor da pedra central será definida conforme o curso escolhido, e o símbolo aplicado nas laterais do anel também será personalizado de acordo com a profissão ou área de formação.

A imagem representa o modelo e o acabamento do anel. A cor da pedra e os símbolos laterais podem variar conforme a personalização solicitada.

Após a compra, nossa equipe entrará em contato para confirmar:

• Curso ou área de formação
• Cor da pedra
• Símbolo das laterais
• Numeração do aro

Produto personalizado e confeccionado sob encomenda.";"anel-formatura-ouro-18k-4060 (2).jpeg";"não";"não";"sim";"disponível"
"Anel de Formatura em Ouro 18k";"Anéis";"Formatura";"Ouro 18k";"4060";"";"";"";"12";"R$ 4.060,00";"Até 12x sem juros";"Anel de formatura em Ouro 18k, personalizado de acordo com a área de formação do cliente.

A cor da pedra central será definida conforme o curso escolhido, e o símbolo aplicado nas laterais do anel também será personalizado de acordo com a profissão ou área de formação.

A imagem representa o modelo e o acabamento do anel. A cor da pedra e os símbolos laterais podem variar conforme a personalização solicitada.

Após a compra, nossa equipe entrará em contato para confirmar:

• Curso ou área de formação
• Cor da pedra
• Símbolo das laterais
• Numeração do aro

Produto personalizado e confeccionado sob encomenda.";"anel-formatura-ouro-18k-4060 (3).jpeg";"não";"não";"sim";"disponível"
"Anel de Formatura em Ouro 18k";"Anéis";"Formatura";"Ouro 18k";"4060";"";"";"";"12";"R$ 4.060,00";"Até 12x sem juros";"Anel de formatura em Ouro 18k, personalizado de acordo com a área de formação do cliente.

A cor da pedra central será definida conforme o curso escolhido, e o símbolo aplicado nas laterais do anel também será personalizado de acordo com a profissão ou área de formação.

A imagem representa o modelo e o acabamento do anel. A cor da pedra e os símbolos laterais podem variar conforme a personalização solicitada.

Após a compra, nossa equipe entrará em contato para confirmar:

• Curso ou área de formação
• Cor da pedra
• Símbolo das laterais
• Numeração do aro

Produto personalizado e confeccionado sob encomenda.";"anel-formatura-ouro-18k-4060.jpeg";"não";"não";"sim";"disponível"
"Anel de Formatura em Ouro 18k";"Anéis";"Formatura";"Ouro 18k";"";"";"";"";"";"Sob orçamento";"Consulte condições de parcelamento";"Anel de formatura em Ouro 18k, personalizado de acordo com a área de formação do cliente.

A cor da pedra central será definida conforme o curso escolhido, e o símbolo aplicado nas laterais do anel também será personalizado de acordo com a profissão ou área de formação.

A imagem representa o modelo e o acabamento do anel. A cor da pedra e os símbolos laterais podem variar conforme a personalização solicitada.

Após a compra, nossa equipe entrará em contato para confirmar:

• Curso ou área de formação
• Cor da pedra
• Símbolo das laterais
• Numeração do aro

Produto personalizado e confeccionado sob encomenda.";"anel-formatura-ouro-18k-4060.jpeg.webp";"não";"não";"sim";"sob encomenda"
"Anel de Formatura em Ouro 18k";"Anéis";"Formatura";"Ouro 18k";"4200";"";"";"";"12";"R$ 4.200,00";"Até 12x sem juros";"Anel de formatura em Ouro 18k, personalizado de acordo com a área de formação do cliente.

A cor da pedra central será definida conforme o curso escolhido, e o símbolo aplicado nas laterais do anel também será personalizado de acordo com a profissão ou área de formação.

A imagem representa o modelo e o acabamento do anel. A cor da pedra e os símbolos laterais podem variar conforme a personalização solicitada.

Após a compra, nossa equipe entrará em contato para confirmar:

• Curso ou área de formação
• Cor da pedra
• Símbolo das laterais
• Numeração do aro

Produto personalizado e confeccionado sob encomenda.";"anel-formatura-ouro-18k-4200 (2).jpeg";"não";"não";"sim";"disponível"
"Anel de Formatura em Ouro 18k";"Anéis";"Formatura";"Ouro 18k";"4200";"";"";"";"12";"R$ 4.200,00";"Até 12x sem juros";"Anel de formatura em Ouro 18k, personalizado de acordo com a área de formação do cliente.

A cor da pedra central será definida conforme o curso escolhido, e o símbolo aplicado nas laterais do anel também será personalizado de acordo com a profissão ou área de formação.

A imagem representa o modelo e o acabamento do anel. A cor da pedra e os símbolos laterais podem variar conforme a personalização solicitada.

Após a compra, nossa equipe entrará em contato para confirmar:

• Curso ou área de formação
• Cor da pedra
• Símbolo das laterais
• Numeração do aro

Produto personalizado e confeccionado sob encomenda.";"anel-formatura-ouro-18k-4200 (3).jpeg";"não";"não";"sim";"disponível"
"Anel de Formatura em Ouro 18k";"Anéis";"Formatura";"Ouro 18k";"4200";"";"";"";"12";"R$ 4.200,00";"Até 12x sem juros";"Anel de formatura em Ouro 18k, personalizado de acordo com a área de formação do cliente.

A cor da pedra central será definida conforme o curso escolhido, e o símbolo aplicado nas laterais do anel também será personalizado de acordo com a profissão ou área de formação.

A imagem representa o modelo e o acabamento do anel. A cor da pedra e os símbolos laterais podem variar conforme a personalização solicitada.

Após a compra, nossa equipe entrará em contato para confirmar:

• Curso ou área de formação
• Cor da pedra
• Símbolo das laterais
• Numeração do aro

Produto personalizado e confeccionado sob encomenda.";"anel-formatura-ouro-18k-4200 (4).jpeg";"não";"não";"sim";"disponível"
"Anel de Formatura em Ouro 18k";"Anéis";"Formatura";"Ouro 18k";"4200";"";"";"";"12";"R$ 4.200,00";"Até 12x sem juros";"Anel de formatura em Ouro 18k, personalizado de acordo com a área de formação do cliente.

A cor da pedra central será definida conforme o curso escolhido, e o símbolo aplicado nas laterais do anel também será personalizado de acordo com a profissão ou área de formação.

A imagem representa o modelo e o acabamento do anel. A cor da pedra e os símbolos laterais podem variar conforme a personalização solicitada.

Após a compra, nossa equipe entrará em contato para confirmar:

• Curso ou área de formação
• Cor da pedra
• Símbolo das laterais
• Numeração do aro

Produto personalizado e confeccionado sob encomenda.";"anel-formatura-ouro-18k-4200 (5).jpeg";"não";"não";"sim";"disponível"
"Anel de Formatura em Ouro 18k";"Anéis";"Formatura";"Ouro 18k";"4200";"";"";"";"12";"R$ 4.200,00";"Até 12x sem juros";"Anel de formatura em Ouro 18k, personalizado de acordo com a área de formação do cliente.

A cor da pedra central será definida conforme o curso escolhido, e o símbolo aplicado nas laterais do anel também será personalizado de acordo com a profissão ou área de formação.

A imagem representa o modelo e o acabamento do anel. A cor da pedra e os símbolos laterais podem variar conforme a personalização solicitada.

Após a compra, nossa equipe entrará em contato para confirmar:

• Curso ou área de formação
• Cor da pedra
• Símbolo das laterais
• Numeração do aro

Produto personalizado e confeccionado sob encomenda.";"anel-formatura-ouro-18k-4200.jpeg";"não";"não";"sim";"disponível"
"Anel de Formatura em Ouro 18k";"Anéis";"Formatura";"Ouro 18k";"4340";"";"";"";"12";"R$ 4.340,00";"Até 12x sem juros";"Anel de formatura em Ouro 18k, personalizado de acordo com a área de formação do cliente.

A cor da pedra central será definida conforme o curso escolhido, e o símbolo aplicado nas laterais do anel também será personalizado de acordo com a profissão ou área de formação.

A imagem representa o modelo e o acabamento do anel. A cor da pedra e os símbolos laterais podem variar conforme a personalização solicitada.

Após a compra, nossa equipe entrará em contato para confirmar:

• Curso ou área de formação
• Cor da pedra
• Símbolo das laterais
• Numeração do aro

Produto personalizado e confeccionado sob encomenda.";"anel-formatura-ouro-18k-4340 (2).jpeg";"não";"não";"sim";"disponível"
"Anel de Formatura em Ouro 18k";"Anéis";"Formatura";"Ouro 18k";"4340";"";"";"";"12";"R$ 4.340,00";"Até 12x sem juros";"Anel de formatura em Ouro 18k, personalizado de acordo com a área de formação do cliente.

A cor da pedra central será definida conforme o curso escolhido, e o símbolo aplicado nas laterais do anel também será personalizado de acordo com a profissão ou área de formação.

A imagem representa o modelo e o acabamento do anel. A cor da pedra e os símbolos laterais podem variar conforme a personalização solicitada.

Após a compra, nossa equipe entrará em contato para confirmar:

• Curso ou área de formação
• Cor da pedra
• Símbolo das laterais
• Numeração do aro

Produto personalizado e confeccionado sob encomenda.";"anel-formatura-ouro-18k-4340 (3).jpeg";"não";"não";"sim";"disponível"
"Anel de Formatura em Ouro 18k";"Anéis";"Formatura";"Ouro 18k";"4340";"";"";"";"12";"R$ 4.340,00";"Até 12x sem juros";"Anel de formatura em Ouro 18k, personalizado de acordo com a área de formação do cliente.

A cor da pedra central será definida conforme o curso escolhido, e o símbolo aplicado nas laterais do anel também será personalizado de acordo com a profissão ou área de formação.

A imagem representa o modelo e o acabamento do anel. A cor da pedra e os símbolos laterais podem variar conforme a personalização solicitada.

Após a compra, nossa equipe entrará em contato para confirmar:

• Curso ou área de formação
• Cor da pedra
• Símbolo das laterais
• Numeração do aro

Produto personalizado e confeccionado sob encomenda.";"anel-formatura-ouro-18k-4340 (4).jpeg";"não";"não";"sim";"disponível"
"Anel de Formatura em Ouro 18k";"Anéis";"Formatura";"Ouro 18k";"4340";"";"";"";"12";"R$ 4.340,00";"Até 12x sem juros";"Anel de formatura em Ouro 18k, personalizado de acordo com a área de formação do cliente.

A cor da pedra central será definida conforme o curso escolhido, e o símbolo aplicado nas laterais do anel também será personalizado de acordo com a profissão ou área de formação.

A imagem representa o modelo e o acabamento do anel. A cor da pedra e os símbolos laterais podem variar conforme a personalização solicitada.

Após a compra, nossa equipe entrará em contato para confirmar:

• Curso ou área de formação
• Cor da pedra
• Símbolo das laterais
• Numeração do aro

Produto personalizado e confeccionado sob encomenda.";"anel-formatura-ouro-18k-4340 (5).jpeg";"não";"não";"sim";"disponível"
"Anel de Formatura em Ouro 18k";"Anéis";"Formatura";"Ouro 18k";"4340";"";"";"";"12";"R$ 4.340,00";"Até 12x sem juros";"Anel de formatura em Ouro 18k, personalizado de acordo com a área de formação do cliente.

A cor da pedra central será definida conforme o curso escolhido, e o símbolo aplicado nas laterais do anel também será personalizado de acordo com a profissão ou área de formação.

A imagem representa o modelo e o acabamento do anel. A cor da pedra e os símbolos laterais podem variar conforme a personalização solicitada.

Após a compra, nossa equipe entrará em contato para confirmar:

• Curso ou área de formação
• Cor da pedra
• Símbolo das laterais
• Numeração do aro

Produto personalizado e confeccionado sob encomenda.";"anel-formatura-ouro-18k-4340.jpeg";"não";"não";"sim";"disponível"
"Anel de Formatura em Ouro 18k";"Anéis";"Formatura";"Ouro 18k";"4480";"";"";"";"12";"R$ 4.480,00";"Até 12x sem juros";"Anel de formatura em Ouro 18k, personalizado de acordo com a área de formação do cliente.

A cor da pedra central será definida conforme o curso escolhido, e o símbolo aplicado nas laterais do anel também será personalizado de acordo com a profissão ou área de formação.

A imagem representa o modelo e o acabamento do anel. A cor da pedra e os símbolos laterais podem variar conforme a personalização solicitada.

Após a compra, nossa equipe entrará em contato para confirmar:

• Curso ou área de formação
• Cor da pedra
• Símbolo das laterais
• Numeração do aro

Produto personalizado e confeccionado sob encomenda.";"anel-formatura-ouro-18k-4480 (2).jpeg";"não";"não";"sim";"disponível"
"Anel de Formatura em Ouro 18k";"Anéis";"Formatura";"Ouro 18k";"4480";"";"";"";"12";"R$ 4.480,00";"Até 12x sem juros";"Anel de formatura em Ouro 18k, personalizado de acordo com a área de formação do cliente.

A cor da pedra central será definida conforme o curso escolhido, e o símbolo aplicado nas laterais do anel também será personalizado de acordo com a profissão ou área de formação.

A imagem representa o modelo e o acabamento do anel. A cor da pedra e os símbolos laterais podem variar conforme a personalização solicitada.

Após a compra, nossa equipe entrará em contato para confirmar:

• Curso ou área de formação
• Cor da pedra
• Símbolo das laterais
• Numeração do aro

Produto personalizado e confeccionado sob encomenda.";"anel-formatura-ouro-18k-4480 (3).jpeg";"não";"não";"sim";"disponível"
"Anel de Formatura em Ouro 18k";"Anéis";"Formatura";"Ouro 18k";"4480";"";"";"";"12";"R$ 4.480,00";"Até 12x sem juros";"Anel de formatura em Ouro 18k, personalizado de acordo com a área de formação do cliente.

A cor da pedra central será definida conforme o curso escolhido, e o símbolo aplicado nas laterais do anel também será personalizado de acordo com a profissão ou área de formação.

A imagem representa o modelo e o acabamento do anel. A cor da pedra e os símbolos laterais podem variar conforme a personalização solicitada.

Após a compra, nossa equipe entrará em contato para confirmar:

• Curso ou área de formação
• Cor da pedra
• Símbolo das laterais
• Numeração do aro

Produto personalizado e confeccionado sob encomenda.";"anel-formatura-ouro-18k-4480 (4).jpeg";"não";"não";"sim";"disponível"
"Anel de Formatura em Ouro 18k";"Anéis";"Formatura";"Ouro 18k";"4480";"";"";"";"12";"R$ 4.480,00";"Até 12x sem juros";"Anel de formatura em Ouro 18k, personalizado de acordo com a área de formação do cliente.

A cor da pedra central será definida conforme o curso escolhido, e o símbolo aplicado nas laterais do anel também será personalizado de acordo com a profissão ou área de formação.

A imagem representa o modelo e o acabamento do anel. A cor da pedra e os símbolos laterais podem variar conforme a personalização solicitada.

Após a compra, nossa equipe entrará em contato para confirmar:

• Curso ou área de formação
• Cor da pedra
• Símbolo das laterais
• Numeração do aro

Produto personalizado e confeccionado sob encomenda.";"anel-formatura-ouro-18k-4480.jpeg";"não";"não";"sim";"disponível"
"Anel de Formatura em Ouro 18k";"Anéis";"Formatura";"Ouro 18k";"4620";"";"";"";"12";"R$ 4.620,00";"Até 12x sem juros";"Anel de formatura em Ouro 18k, personalizado de acordo com a área de formação do cliente.

A cor da pedra central será definida conforme o curso escolhido, e o símbolo aplicado nas laterais do anel também será personalizado de acordo com a profissão ou área de formação.

A imagem representa o modelo e o acabamento do anel. A cor da pedra e os símbolos laterais podem variar conforme a personalização solicitada.

Após a compra, nossa equipe entrará em contato para confirmar:

• Curso ou área de formação
• Cor da pedra
• Símbolo das laterais
• Numeração do aro

Produto personalizado e confeccionado sob encomenda.";"anel-formatura-ouro-18k-4620 (2).jpeg";"não";"não";"sim";"disponível"
"Anel de Formatura em Ouro 18k";"Anéis";"Formatura";"Ouro 18k";"4620";"";"";"";"12";"R$ 4.620,00";"Até 12x sem juros";"Anel de formatura em Ouro 18k, personalizado de acordo com a área de formação do cliente.

A cor da pedra central será definida conforme o curso escolhido, e o símbolo aplicado nas laterais do anel também será personalizado de acordo com a profissão ou área de formação.

A imagem representa o modelo e o acabamento do anel. A cor da pedra e os símbolos laterais podem variar conforme a personalização solicitada.

Após a compra, nossa equipe entrará em contato para confirmar:

• Curso ou área de formação
• Cor da pedra
• Símbolo das laterais
• Numeração do aro

Produto personalizado e confeccionado sob encomenda.";"anel-formatura-ouro-18k-4620 (3).jpeg";"não";"não";"sim";"disponível"
"Anel de Formatura em Ouro 18k";"Anéis";"Formatura";"Ouro 18k";"4620";"";"";"";"12";"R$ 4.620,00";"Até 12x sem juros";"Anel de formatura em Ouro 18k, personalizado de acordo com a área de formação do cliente.

A cor da pedra central será definida conforme o curso escolhido, e o símbolo aplicado nas laterais do anel também será personalizado de acordo com a profissão ou área de formação.

A imagem representa o modelo e o acabamento do anel. A cor da pedra e os símbolos laterais podem variar conforme a personalização solicitada.

Após a compra, nossa equipe entrará em contato para confirmar:

• Curso ou área de formação
• Cor da pedra
• Símbolo das laterais
• Numeração do aro

Produto personalizado e confeccionado sob encomenda.";"anel-formatura-ouro-18k-4620.jpeg";"não";"não";"sim";"disponível"
"Anel de Formatura em Ouro 18k";"Anéis";"Formatura";"Ouro 18k";"4760";"";"";"";"12";"R$ 4.760,00";"Até 12x sem juros";"Anel de formatura em Ouro 18k, personalizado de acordo com a área de formação do cliente.

A cor da pedra central será definida conforme o curso escolhido, e o símbolo aplicado nas laterais do anel também será personalizado de acordo com a profissão ou área de formação.

A imagem representa o modelo e o acabamento do anel. A cor da pedra e os símbolos laterais podem variar conforme a personalização solicitada.

Após a compra, nossa equipe entrará em contato para confirmar:

• Curso ou área de formação
• Cor da pedra
• Símbolo das laterais
• Numeração do aro

Produto personalizado e confeccionado sob encomenda.";"anel-formatura-ouro-18k-4760 (2).jpeg";"não";"não";"sim";"disponível"
"Anel de Formatura em Ouro 18k";"Anéis";"Formatura";"Ouro 18k";"4760";"";"";"";"12";"R$ 4.760,00";"Até 12x sem juros";"Anel de formatura em Ouro 18k, personalizado de acordo com a área de formação do cliente.

A cor da pedra central será definida conforme o curso escolhido, e o símbolo aplicado nas laterais do anel também será personalizado de acordo com a profissão ou área de formação.

A imagem representa o modelo e o acabamento do anel. A cor da pedra e os símbolos laterais podem variar conforme a personalização solicitada.

Após a compra, nossa equipe entrará em contato para confirmar:

• Curso ou área de formação
• Cor da pedra
• Símbolo das laterais
• Numeração do aro

Produto personalizado e confeccionado sob encomenda.";"anel-formatura-ouro-18k-4760.jpeg";"não";"não";"sim";"disponível"
"Anel de Formatura em Ouro 18k";"Anéis";"Formatura";"Ouro 18k";"4900";"";"";"";"12";"R$ 4.900,00";"Até 12x sem juros";"Anel de formatura em Ouro 18k, personalizado de acordo com a área de formação do cliente.

A cor da pedra central será definida conforme o curso escolhido, e o símbolo aplicado nas laterais do anel também será personalizado de acordo com a profissão ou área de formação.

A imagem representa o modelo e o acabamento do anel. A cor da pedra e os símbolos laterais podem variar conforme a personalização solicitada.

Após a compra, nossa equipe entrará em contato para confirmar:

• Curso ou área de formação
• Cor da pedra
• Símbolo das laterais
• Numeração do aro

Produto personalizado e confeccionado sob encomenda.";"anel-formatura-ouro-18k-4900 (2).jpeg";"não";"não";"sim";"disponível"
"Anel de Formatura em Ouro 18k";"Anéis";"Formatura";"Ouro 18k";"4900";"";"";"";"12";"R$ 4.900,00";"Até 12x sem juros";"Anel de formatura em Ouro 18k, personalizado de acordo com a área de formação do cliente.

A cor da pedra central será definida conforme o curso escolhido, e o símbolo aplicado nas laterais do anel também será personalizado de acordo com a profissão ou área de formação.

A imagem representa o modelo e o acabamento do anel. A cor da pedra e os símbolos laterais podem variar conforme a personalização solicitada.

Após a compra, nossa equipe entrará em contato para confirmar:

• Curso ou área de formação
• Cor da pedra
• Símbolo das laterais
• Numeração do aro

Produto personalizado e confeccionado sob encomenda.";"anel-formatura-ouro-18k-4900.jpeg";"não";"não";"sim";"disponível"
"Anel de Formatura em Ouro 18k";"Anéis";"Formatura";"Ouro 18k";"5040";"";"";"";"12";"R$ 5.040,00";"Até 12x sem juros";"Anel de formatura em Ouro 18k, personalizado de acordo com a área de formação do cliente.

A cor da pedra central será definida conforme o curso escolhido, e o símbolo aplicado nas laterais do anel também será personalizado de acordo com a profissão ou área de formação.

A imagem representa o modelo e o acabamento do anel. A cor da pedra e os símbolos laterais podem variar conforme a personalização solicitada.

Após a compra, nossa equipe entrará em contato para confirmar:

• Curso ou área de formação
• Cor da pedra
• Símbolo das laterais
• Numeração do aro

Produto personalizado e confeccionado sob encomenda.";"anel-formatura-ouro-18k-5040 (2).jpeg";"não";"não";"sim";"disponível"
"Anel de Formatura em Ouro 18k";"Anéis";"Formatura";"Ouro 18k";"5040";"";"";"";"12";"R$ 5.040,00";"Até 12x sem juros";"Anel de formatura em Ouro 18k, personalizado de acordo com a área de formação do cliente.

A cor da pedra central será definida conforme o curso escolhido, e o símbolo aplicado nas laterais do anel também será personalizado de acordo com a profissão ou área de formação.

A imagem representa o modelo e o acabamento do anel. A cor da pedra e os símbolos laterais podem variar conforme a personalização solicitada.

Após a compra, nossa equipe entrará em contato para confirmar:

• Curso ou área de formação
• Cor da pedra
• Símbolo das laterais
• Numeração do aro

Produto personalizado e confeccionado sob encomenda.";"anel-formatura-ouro-18k-5040 (3).jpeg";"não";"não";"sim";"disponível"
"Anel de Formatura em Ouro 18k";"Anéis";"Formatura";"Ouro 18k";"5040";"";"";"";"12";"R$ 5.040,00";"Até 12x sem juros";"Anel de formatura em Ouro 18k, personalizado de acordo com a área de formação do cliente.

A cor da pedra central será definida conforme o curso escolhido, e o símbolo aplicado nas laterais do anel também será personalizado de acordo com a profissão ou área de formação.

A imagem representa o modelo e o acabamento do anel. A cor da pedra e os símbolos laterais podem variar conforme a personalização solicitada.

Após a compra, nossa equipe entrará em contato para confirmar:

• Curso ou área de formação
• Cor da pedra
• Símbolo das laterais
• Numeração do aro

Produto personalizado e confeccionado sob encomenda.";"anel-formatura-ouro-18k-5040.jpeg";"não";"não";"sim";"disponível"
"Anel de Formatura em Ouro 18k";"Anéis";"Formatura";"Ouro 18k";"5320";"";"";"";"12";"R$ 5.320,00";"Até 12x sem juros";"Anel de formatura em Ouro 18k, personalizado de acordo com a área de formação do cliente.

A cor da pedra central será definida conforme o curso escolhido, e o símbolo aplicado nas laterais do anel também será personalizado de acordo com a profissão ou área de formação.

A imagem representa o modelo e o acabamento do anel. A cor da pedra e os símbolos laterais podem variar conforme a personalização solicitada.

Após a compra, nossa equipe entrará em contato para confirmar:

• Curso ou área de formação
• Cor da pedra
• Símbolo das laterais
• Numeração do aro

Produto personalizado e confeccionado sob encomenda.";"anel-formatura-ouro-18k-5320 (2).jpeg";"não";"não";"sim";"disponível"
"Anel de Formatura em Ouro 18k";"Anéis";"Formatura";"Ouro 18k";"5320";"";"";"";"12";"R$ 5.320,00";"Até 12x sem juros";"Anel de formatura em Ouro 18k, personalizado de acordo com a área de formação do cliente.

A cor da pedra central será definida conforme o curso escolhido, e o símbolo aplicado nas laterais do anel também será personalizado de acordo com a profissão ou área de formação.

A imagem representa o modelo e o acabamento do anel. A cor da pedra e os símbolos laterais podem variar conforme a personalização solicitada.

Após a compra, nossa equipe entrará em contato para confirmar:

• Curso ou área de formação
• Cor da pedra
• Símbolo das laterais
• Numeração do aro

Produto personalizado e confeccionado sob encomenda.";"anel-formatura-ouro-18k-5320 (3).jpeg";"não";"não";"sim";"disponível"
"Anel de Formatura em Ouro 18k";"Anéis";"Formatura";"Ouro 18k";"5320";"";"";"";"12";"R$ 5.320,00";"Até 12x sem juros";"Anel de formatura em Ouro 18k, personalizado de acordo com a área de formação do cliente.

A cor da pedra central será definida conforme o curso escolhido, e o símbolo aplicado nas laterais do anel também será personalizado de acordo com a profissão ou área de formação.

A imagem representa o modelo e o acabamento do anel. A cor da pedra e os símbolos laterais podem variar conforme a personalização solicitada.

Após a compra, nossa equipe entrará em contato para confirmar:

• Curso ou área de formação
• Cor da pedra
• Símbolo das laterais
• Numeração do aro

Produto personalizado e confeccionado sob encomenda.";"anel-formatura-ouro-18k-5320 (4).jpeg";"não";"não";"sim";"disponível"
"Anel de Formatura em Ouro 18k";"Anéis";"Formatura";"Ouro 18k";"5320";"";"";"";"12";"R$ 5.320,00";"Até 12x sem juros";"Anel de formatura em Ouro 18k, personalizado de acordo com a área de formação do cliente.

A cor da pedra central será definida conforme o curso escolhido, e o símbolo aplicado nas laterais do anel também será personalizado de acordo com a profissão ou área de formação.

A imagem representa o modelo e o acabamento do anel. A cor da pedra e os símbolos laterais podem variar conforme a personalização solicitada.

Após a compra, nossa equipe entrará em contato para confirmar:

• Curso ou área de formação
• Cor da pedra
• Símbolo das laterais
• Numeração do aro

Produto personalizado e confeccionado sob encomenda.";"anel-formatura-ouro-18k-5320.jpeg";"não";"não";"sim";"disponível"
"Anel de Formatura em Ouro 18k";"Anéis";"Formatura";"Ouro 18k";"5460";"";"";"";"12";"R$ 5.460,00";"Até 12x sem juros";"Anel de formatura em Ouro 18k, personalizado de acordo com a área de formação do cliente.

A cor da pedra central será definida conforme o curso escolhido, e o símbolo aplicado nas laterais do anel também será personalizado de acordo com a profissão ou área de formação.

A imagem representa o modelo e o acabamento do anel. A cor da pedra e os símbolos laterais podem variar conforme a personalização solicitada.

Após a compra, nossa equipe entrará em contato para confirmar:

• Curso ou área de formação
• Cor da pedra
• Símbolo das laterais
• Numeração do aro

Produto personalizado e confeccionado sob encomenda.";"anel-formatura-ouro-18k-5460 (2).jpeg";"não";"não";"sim";"disponível"
"Anel de Formatura em Ouro 18k";"Anéis";"Formatura";"Ouro 18k";"5460";"";"";"";"12";"R$ 5.460,00";"Até 12x sem juros";"Anel de formatura em Ouro 18k, personalizado de acordo com a área de formação do cliente.

A cor da pedra central será definida conforme o curso escolhido, e o símbolo aplicado nas laterais do anel também será personalizado de acordo com a profissão ou área de formação.

A imagem representa o modelo e o acabamento do anel. A cor da pedra e os símbolos laterais podem variar conforme a personalização solicitada.

Após a compra, nossa equipe entrará em contato para confirmar:

• Curso ou área de formação
• Cor da pedra
• Símbolo das laterais
• Numeração do aro

Produto personalizado e confeccionado sob encomenda.";"anel-formatura-ouro-18k-5460 (3).jpeg";"não";"não";"sim";"disponível"
"Anel de Formatura em Ouro 18k";"Anéis";"Formatura";"Ouro 18k";"5460";"";"";"";"12";"R$ 5.460,00";"Até 12x sem juros";"Anel de formatura em Ouro 18k, personalizado de acordo com a área de formação do cliente.

A cor da pedra central será definida conforme o curso escolhido, e o símbolo aplicado nas laterais do anel também será personalizado de acordo com a profissão ou área de formação.

A imagem representa o modelo e o acabamento do anel. A cor da pedra e os símbolos laterais podem variar conforme a personalização solicitada.

Após a compra, nossa equipe entrará em contato para confirmar:

• Curso ou área de formação
• Cor da pedra
• Símbolo das laterais
• Numeração do aro

Produto personalizado e confeccionado sob encomenda.";"anel-formatura-ouro-18k-5460 (4).jpeg";"não";"não";"sim";"disponível"
"Anel de Formatura em Ouro 18k";"Anéis";"Formatura";"Ouro 18k";"5460";"";"";"";"12";"R$ 5.460,00";"Até 12x sem juros";"Anel de formatura em Ouro 18k, personalizado de acordo com a área de formação do cliente.

A cor da pedra central será definida conforme o curso escolhido, e o símbolo aplicado nas laterais do anel também será personalizado de acordo com a profissão ou área de formação.

A imagem representa o modelo e o acabamento do anel. A cor da pedra e os símbolos laterais podem variar conforme a personalização solicitada.

Após a compra, nossa equipe entrará em contato para confirmar:

• Curso ou área de formação
• Cor da pedra
• Símbolo das laterais
• Numeração do aro

Produto personalizado e confeccionado sob encomenda.";"anel-formatura-ouro-18k-5460.jpeg";"não";"não";"sim";"disponível"
"Anel de Formatura em Ouro 18k";"Anéis";"Formatura";"Ouro 18k";"5600";"";"";"";"12";"R$ 5.600,00";"Até 12x sem juros";"Anel de formatura em Ouro 18k, personalizado de acordo com a área de formação do cliente.

A cor da pedra central será definida conforme o curso escolhido, e o símbolo aplicado nas laterais do anel também será personalizado de acordo com a profissão ou área de formação.

A imagem representa o modelo e o acabamento do anel. A cor da pedra e os símbolos laterais podem variar conforme a personalização solicitada.

Após a compra, nossa equipe entrará em contato para confirmar:

• Curso ou área de formação
• Cor da pedra
• Símbolo das laterais
• Numeração do aro

Produto personalizado e confeccionado sob encomenda.";"anel-formatura-ouro-18k-5600.jpeg";"não";"não";"sim";"disponível"
"Anel de Formatura em Ouro 18k";"Anéis";"Formatura";"Ouro 18k";"5740";"";"";"";"12";"R$ 5.740,00";"Até 12x sem juros";"Anel de formatura em Ouro 18k, personalizado de acordo com a área de formação do cliente.

A cor da pedra central será definida conforme o curso escolhido, e o símbolo aplicado nas laterais do anel também será personalizado de acordo com a profissão ou área de formação.

A imagem representa o modelo e o acabamento do anel. A cor da pedra e os símbolos laterais podem variar conforme a personalização solicitada.

Após a compra, nossa equipe entrará em contato para confirmar:

• Curso ou área de formação
• Cor da pedra
• Símbolo das laterais
• Numeração do aro

Produto personalizado e confeccionado sob encomenda.";"anel-formatura-ouro-18k-5740 (2).jpeg";"não";"não";"sim";"disponível"
"Anel de Formatura em Ouro 18k";"Anéis";"Formatura";"Ouro 18k";"5740";"";"";"";"12";"R$ 5.740,00";"Até 12x sem juros";"Anel de formatura em Ouro 18k, personalizado de acordo com a área de formação do cliente.

A cor da pedra central será definida conforme o curso escolhido, e o símbolo aplicado nas laterais do anel também será personalizado de acordo com a profissão ou área de formação.

A imagem representa o modelo e o acabamento do anel. A cor da pedra e os símbolos laterais podem variar conforme a personalização solicitada.

Após a compra, nossa equipe entrará em contato para confirmar:

• Curso ou área de formação
• Cor da pedra
• Símbolo das laterais
• Numeração do aro

Produto personalizado e confeccionado sob encomenda.";"anel-formatura-ouro-18k-5740.jpeg";"não";"não";"sim";"disponível"
"Anel de Formatura em Ouro 18k";"Anéis";"Formatura";"Ouro 18k";"5880";"";"";"";"12";"R$ 5.880,00";"Até 12x sem juros";"Anel de formatura em Ouro 18k, personalizado de acordo com a área de formação do cliente.

A cor da pedra central será definida conforme o curso escolhido, e o símbolo aplicado nas laterais do anel também será personalizado de acordo com a profissão ou área de formação.

A imagem representa o modelo e o acabamento do anel. A cor da pedra e os símbolos laterais podem variar conforme a personalização solicitada.

Após a compra, nossa equipe entrará em contato para confirmar:

• Curso ou área de formação
• Cor da pedra
• Símbolo das laterais
• Numeração do aro

Produto personalizado e confeccionado sob encomenda.";"anel-formatura-ouro-18k-5880 (2).jpeg";"não";"não";"sim";"disponível"
"Anel de Formatura em Ouro 18k";"Anéis";"Formatura";"Ouro 18k";"5880";"";"";"";"12";"R$ 5.880,00";"Até 12x sem juros";"Anel de formatura em Ouro 18k, personalizado de acordo com a área de formação do cliente.

A cor da pedra central será definida conforme o curso escolhido, e o símbolo aplicado nas laterais do anel também será personalizado de acordo com a profissão ou área de formação.

A imagem representa o modelo e o acabamento do anel. A cor da pedra e os símbolos laterais podem variar conforme a personalização solicitada.

Após a compra, nossa equipe entrará em contato para confirmar:

• Curso ou área de formação
• Cor da pedra
• Símbolo das laterais
• Numeração do aro

Produto personalizado e confeccionado sob encomenda.";"anel-formatura-ouro-18k-5880.jpeg";"não";"não";"sim";"disponível"
"Anel de Formatura em Ouro 18k";"Anéis";"Formatura";"Ouro 18k";"6160";"";"";"";"12";"R$ 6.160,00";"Até 12x sem juros";"Anel de formatura em Ouro 18k, personalizado de acordo com a área de formação do cliente.

A cor da pedra central será definida conforme o curso escolhido, e o símbolo aplicado nas laterais do anel também será personalizado de acordo com a profissão ou área de formação.

A imagem representa o modelo e o acabamento do anel. A cor da pedra e os símbolos laterais podem variar conforme a personalização solicitada.

Após a compra, nossa equipe entrará em contato para confirmar:

• Curso ou área de formação
• Cor da pedra
• Símbolo das laterais
• Numeração do aro

Produto personalizado e confeccionado sob encomenda.";"anel-formatura-ouro-18k-6160 (2).jpeg";"não";"não";"sim";"disponível"
"Anel de Formatura em Ouro 18k";"Anéis";"Formatura";"Ouro 18k";"6160";"";"";"";"12";"R$ 6.160,00";"Até 12x sem juros";"Anel de formatura em Ouro 18k, personalizado de acordo com a área de formação do cliente.

A cor da pedra central será definida conforme o curso escolhido, e o símbolo aplicado nas laterais do anel também será personalizado de acordo com a profissão ou área de formação.

A imagem representa o modelo e o acabamento do anel. A cor da pedra e os símbolos laterais podem variar conforme a personalização solicitada.

Após a compra, nossa equipe entrará em contato para confirmar:

• Curso ou área de formação
• Cor da pedra
• Símbolo das laterais
• Numeração do aro

Produto personalizado e confeccionado sob encomenda.";"anel-formatura-ouro-18k-6160 (3).jpeg";"não";"não";"sim";"disponível"
"Anel de Formatura em Ouro 18k";"Anéis";"Formatura";"Ouro 18k";"6160";"";"";"";"12";"R$ 6.160,00";"Até 12x sem juros";"Anel de formatura em Ouro 18k, personalizado de acordo com a área de formação do cliente.

A cor da pedra central será definida conforme o curso escolhido, e o símbolo aplicado nas laterais do anel também será personalizado de acordo com a profissão ou área de formação.

A imagem representa o modelo e o acabamento do anel. A cor da pedra e os símbolos laterais podem variar conforme a personalização solicitada.

Após a compra, nossa equipe entrará em contato para confirmar:

• Curso ou área de formação
• Cor da pedra
• Símbolo das laterais
• Numeração do aro

Produto personalizado e confeccionado sob encomenda.";"anel-formatura-ouro-18k-6160.jpeg";"não";"não";"sim";"disponível"
"Anel de Formatura em Ouro 18k";"Anéis";"Formatura";"Ouro 18k";"6300";"";"";"";"12";"R$ 6.300,00";"Até 12x sem juros";"Anel de formatura em Ouro 18k, personalizado de acordo com a área de formação do cliente.

A cor da pedra central será definida conforme o curso escolhido, e o símbolo aplicado nas laterais do anel também será personalizado de acordo com a profissão ou área de formação.

A imagem representa o modelo e o acabamento do anel. A cor da pedra e os símbolos laterais podem variar conforme a personalização solicitada.

Após a compra, nossa equipe entrará em contato para confirmar:

• Curso ou área de formação
• Cor da pedra
• Símbolo das laterais
• Numeração do aro

Produto personalizado e confeccionado sob encomenda.";"anel-formatura-ouro-18k-6300 (2).jpeg";"não";"não";"sim";"disponível"
"Anel de Formatura em Ouro 18k";"Anéis";"Formatura";"Ouro 18k";"6300";"";"";"";"12";"R$ 6.300,00";"Até 12x sem juros";"Anel de formatura em Ouro 18k, personalizado de acordo com a área de formação do cliente.

A cor da pedra central será definida conforme o curso escolhido, e o símbolo aplicado nas laterais do anel também será personalizado de acordo com a profissão ou área de formação.

A imagem representa o modelo e o acabamento do anel. A cor da pedra e os símbolos laterais podem variar conforme a personalização solicitada.

Após a compra, nossa equipe entrará em contato para confirmar:

• Curso ou área de formação
• Cor da pedra
• Símbolo das laterais
• Numeração do aro

Produto personalizado e confeccionado sob encomenda.";"anel-formatura-ouro-18k-6300 (3).jpeg";"não";"não";"sim";"disponível"
"Anel de Formatura em Ouro 18k";"Anéis";"Formatura";"Ouro 18k";"6300";"";"";"";"12";"R$ 6.300,00";"Até 12x sem juros";"Anel de formatura em Ouro 18k, personalizado de acordo com a área de formação do cliente.

A cor da pedra central será definida conforme o curso escolhido, e o símbolo aplicado nas laterais do anel também será personalizado de acordo com a profissão ou área de formação.

A imagem representa o modelo e o acabamento do anel. A cor da pedra e os símbolos laterais podem variar conforme a personalização solicitada.

Após a compra, nossa equipe entrará em contato para confirmar:

• Curso ou área de formação
• Cor da pedra
• Símbolo das laterais
• Numeração do aro

Produto personalizado e confeccionado sob encomenda.";"anel-formatura-ouro-18k-6300 (4).jpeg";"não";"não";"sim";"disponível"
"Anel de Formatura em Ouro 18k";"Anéis";"Formatura";"Ouro 18k";"6300";"";"";"";"12";"R$ 6.300,00";"Até 12x sem juros";"Anel de formatura em Ouro 18k, personalizado de acordo com a área de formação do cliente.

A cor da pedra central será definida conforme o curso escolhido, e o símbolo aplicado nas laterais do anel também será personalizado de acordo com a profissão ou área de formação.

A imagem representa o modelo e o acabamento do anel. A cor da pedra e os símbolos laterais podem variar conforme a personalização solicitada.

Após a compra, nossa equipe entrará em contato para confirmar:

• Curso ou área de formação
• Cor da pedra
• Símbolo das laterais
• Numeração do aro

Produto personalizado e confeccionado sob encomenda.";"anel-formatura-ouro-18k-6300.jpeg";"não";"não";"sim";"disponível"
"Anel de Formatura em Ouro 18k";"Anéis";"Formatura";"Ouro 18k";"";"";"";"";"";"Sob orçamento";"Consulte condições de parcelamento";"Anel de formatura em Ouro 18k, personalizado de acordo com a área de formação do cliente.

A cor da pedra central será definida conforme o curso escolhido, e o símbolo aplicado nas laterais do anel também será personalizado de acordo com a profissão ou área de formação.

A imagem representa o modelo e o acabamento do anel. A cor da pedra e os símbolos laterais podem variar conforme a personalização solicitada.

Após a compra, nossa equipe entrará em contato para confirmar:

• Curso ou área de formação
• Cor da pedra
• Símbolo das laterais
• Numeração do aro

Produto personalizado e confeccionado sob encomenda.";"anel-formatura-ouro-18k-6300.jpeg.webp";"não";"não";"sim";"sob encomenda"
"Anel de Formatura em Ouro 18k";"Anéis";"Formatura";"Ouro 18k";"6440";"";"";"";"12";"R$ 6.440,00";"Até 12x sem juros";"Anel de formatura em Ouro 18k, personalizado de acordo com a área de formação do cliente.

A cor da pedra central será definida conforme o curso escolhido, e o símbolo aplicado nas laterais do anel também será personalizado de acordo com a profissão ou área de formação.

A imagem representa o modelo e o acabamento do anel. A cor da pedra e os símbolos laterais podem variar conforme a personalização solicitada.

Após a compra, nossa equipe entrará em contato para confirmar:

• Curso ou área de formação
• Cor da pedra
• Símbolo das laterais
• Numeração do aro

Produto personalizado e confeccionado sob encomenda.";"anel-formatura-ouro-18k-6440 (2).jpeg";"não";"não";"sim";"disponível"
"Anel de Formatura em Ouro 18k";"Anéis";"Formatura";"Ouro 18k";"6440";"";"";"";"12";"R$ 6.440,00";"Até 12x sem juros";"Anel de formatura em Ouro 18k, personalizado de acordo com a área de formação do cliente.

A cor da pedra central será definida conforme o curso escolhido, e o símbolo aplicado nas laterais do anel também será personalizado de acordo com a profissão ou área de formação.

A imagem representa o modelo e o acabamento do anel. A cor da pedra e os símbolos laterais podem variar conforme a personalização solicitada.

Após a compra, nossa equipe entrará em contato para confirmar:

• Curso ou área de formação
• Cor da pedra
• Símbolo das laterais
• Numeração do aro

Produto personalizado e confeccionado sob encomenda.";"anel-formatura-ouro-18k-6440.jpeg";"não";"não";"sim";"disponível"
"Anel de Formatura em Ouro 18k";"Anéis";"Formatura";"Ouro 18k";"6720";"";"";"";"12";"R$ 6.720,00";"Até 12x sem juros";"Anel de formatura em Ouro 18k, personalizado de acordo com a área de formação do cliente.

A cor da pedra central será definida conforme o curso escolhido, e o símbolo aplicado nas laterais do anel também será personalizado de acordo com a profissão ou área de formação.

A imagem representa o modelo e o acabamento do anel. A cor da pedra e os símbolos laterais podem variar conforme a personalização solicitada.

Após a compra, nossa equipe entrará em contato para confirmar:

• Curso ou área de formação
• Cor da pedra
• Símbolo das laterais
• Numeração do aro

Produto personalizado e confeccionado sob encomenda.";"anel-formatura-ouro-18k-6720.jpeg";"não";"não";"sim";"disponível"
"Anel de Formatura em Ouro 18k";"Anéis";"Formatura";"Ouro 18k";"6860";"";"";"";"12";"R$ 6.860,00";"Até 12x sem juros";"Anel de formatura em Ouro 18k, personalizado de acordo com a área de formação do cliente.

A cor da pedra central será definida conforme o curso escolhido, e o símbolo aplicado nas laterais do anel também será personalizado de acordo com a profissão ou área de formação.

A imagem representa o modelo e o acabamento do anel. A cor da pedra e os símbolos laterais podem variar conforme a personalização solicitada.

Após a compra, nossa equipe entrará em contato para confirmar:

• Curso ou área de formação
• Cor da pedra
• Símbolo das laterais
• Numeração do aro

Produto personalizado e confeccionado sob encomenda.";"anel-formatura-ouro-18k-6860.jpeg";"não";"não";"sim";"disponível"
"Anel de Formatura em Ouro 18k";"Anéis";"Formatura";"Ouro 18k";"7000";"";"";"";"12";"R$ 7.000,00";"Até 12x sem juros";"Anel de formatura em Ouro 18k, personalizado de acordo com a área de formação do cliente.

A cor da pedra central será definida conforme o curso escolhido, e o símbolo aplicado nas laterais do anel também será personalizado de acordo com a profissão ou área de formação.

A imagem representa o modelo e o acabamento do anel. A cor da pedra e os símbolos laterais podem variar conforme a personalização solicitada.

Após a compra, nossa equipe entrará em contato para confirmar:

• Curso ou área de formação
• Cor da pedra
• Símbolo das laterais
• Numeração do aro

Produto personalizado e confeccionado sob encomenda.";"anel-formatura-ouro-18k-7000.jpeg";"não";"não";"sim";"disponível"
"Anel de Formatura em Ouro 18k";"Anéis";"Formatura";"Ouro 18k";"7140";"";"";"";"12";"R$ 7.140,00";"Até 12x sem juros";"Anel de formatura em Ouro 18k, personalizado de acordo com a área de formação do cliente.

A cor da pedra central será definida conforme o curso escolhido, e o símbolo aplicado nas laterais do anel também será personalizado de acordo com a profissão ou área de formação.

A imagem representa o modelo e o acabamento do anel. A cor da pedra e os símbolos laterais podem variar conforme a personalização solicitada.

Após a compra, nossa equipe entrará em contato para confirmar:

• Curso ou área de formação
• Cor da pedra
• Símbolo das laterais
• Numeração do aro

Produto personalizado e confeccionado sob encomenda.";"anel-formatura-ouro-18k-7140.jpeg";"não";"não";"sim";"disponível"
"Anel de Formatura em Ouro 18k";"Anéis";"Formatura";"Ouro 18k";"7560";"";"";"";"12";"R$ 7.560,00";"Até 12x sem juros";"Anel de formatura em Ouro 18k, personalizado de acordo com a área de formação do cliente.

A cor da pedra central será definida conforme o curso escolhido, e o símbolo aplicado nas laterais do anel também será personalizado de acordo com a profissão ou área de formação.

A imagem representa o modelo e o acabamento do anel. A cor da pedra e os símbolos laterais podem variar conforme a personalização solicitada.

Após a compra, nossa equipe entrará em contato para confirmar:

• Curso ou área de formação
• Cor da pedra
• Símbolo das laterais
• Numeração do aro

Produto personalizado e confeccionado sob encomenda.";"anel-formatura-ouro-18k-7560.jpeg";"não";"não";"sim";"disponível"
"Anel de Formatura em Ouro 18k";"Anéis";"Formatura";"Ouro 18k";"7700";"";"";"";"12";"R$ 7.700,00";"Até 12x sem juros";"Anel de formatura em Ouro 18k, personalizado de acordo com a área de formação do cliente.

A cor da pedra central será definida conforme o curso escolhido, e o símbolo aplicado nas laterais do anel também será personalizado de acordo com a profissão ou área de formação.

A imagem representa o modelo e o acabamento do anel. A cor da pedra e os símbolos laterais podem variar conforme a personalização solicitada.

Após a compra, nossa equipe entrará em contato para confirmar:

• Curso ou área de formação
• Cor da pedra
• Símbolo das laterais
• Numeração do aro

Produto personalizado e confeccionado sob encomenda.";"anel-formatura-ouro-18k-7700.jpeg";"não";"não";"sim";"disponível"
"Anel de Formatura em Ouro 18k";"Anéis";"Formatura";"Ouro 18k";"7840";"";"";"";"12";"R$ 7.840,00";"Até 12x sem juros";"Anel de formatura em Ouro 18k, personalizado de acordo com a área de formação do cliente.

A cor da pedra central será definida conforme o curso escolhido, e o símbolo aplicado nas laterais do anel também será personalizado de acordo com a profissão ou área de formação.

A imagem representa o modelo e o acabamento do anel. A cor da pedra e os símbolos laterais podem variar conforme a personalização solicitada.

Após a compra, nossa equipe entrará em contato para confirmar:

• Curso ou área de formação
• Cor da pedra
• Símbolo das laterais
• Numeração do aro

Produto personalizado e confeccionado sob encomenda.";"anel-formatura-ouro-18k-7840.jpeg";"não";"não";"sim";"disponível"
"Anel de Formatura em Ouro 18k";"Anéis";"Formatura";"Ouro 18k";"7980";"";"";"";"12";"R$ 7.980,00";"Até 12x sem juros";"Anel de formatura em Ouro 18k, personalizado de acordo com a área de formação do cliente.

A cor da pedra central será definida conforme o curso escolhido, e o símbolo aplicado nas laterais do anel também será personalizado de acordo com a profissão ou área de formação.

A imagem representa o modelo e o acabamento do anel. A cor da pedra e os símbolos laterais podem variar conforme a personalização solicitada.

Após a compra, nossa equipe entrará em contato para confirmar:

• Curso ou área de formação
• Cor da pedra
• Símbolo das laterais
• Numeração do aro

Produto personalizado e confeccionado sob encomenda.";"anel-formatura-ouro-18k-7980 (2).jpeg";"não";"não";"sim";"disponível"
"Anel de Formatura em Ouro 18k";"Anéis";"Formatura";"Ouro 18k";"7980";"";"";"";"12";"R$ 7.980,00";"Até 12x sem juros";"Anel de formatura em Ouro 18k, personalizado de acordo com a área de formação do cliente.

A cor da pedra central será definida conforme o curso escolhido, e o símbolo aplicado nas laterais do anel também será personalizado de acordo com a profissão ou área de formação.

A imagem representa o modelo e o acabamento do anel. A cor da pedra e os símbolos laterais podem variar conforme a personalização solicitada.

Após a compra, nossa equipe entrará em contato para confirmar:

• Curso ou área de formação
• Cor da pedra
• Símbolo das laterais
• Numeração do aro

Produto personalizado e confeccionado sob encomenda.";"anel-formatura-ouro-18k-7980.jpeg";"não";"não";"sim";"disponível"
"Anel de Formatura em Ouro 18k";"Anéis";"Formatura";"Ouro 18k";"9800";"";"";"";"12";"R$ 9.800,00";"Até 12x sem juros";"Anel de formatura em Ouro 18k, personalizado de acordo com a área de formação do cliente.

A cor da pedra central será definida conforme o curso escolhido, e o símbolo aplicado nas laterais do anel também será personalizado de acordo com a profissão ou área de formação.

A imagem representa o modelo e o acabamento do anel. A cor da pedra e os símbolos laterais podem variar conforme a personalização solicitada.

Após a compra, nossa equipe entrará em contato para confirmar:

• Curso ou área de formação
• Cor da pedra
• Símbolo das laterais
• Numeração do aro

Produto personalizado e confeccionado sob encomenda.";"anel-formatura-ouro-18k-9800.jpeg";"não";"não";"sim";"disponível"
"Anel de Pérola Natural em Ouro 18k";"Anéis";"Pérola";"Ouro 18k";"11340";"";"";"";"12";"R$ 11.340,00";"Até 12x sem juros";"Anel em Ouro 18k com detalhe em pérola, ideal para compor produções elegantes e presentear em momentos especiais. Peça com visual sofisticado inspirada em anel perola natural ouro 18k. Consulte disponibilidade, aro e condições pelo WhatsApp.";"anel-perola-natural-ouro-18k-11340.jpeg";"não";"não";"sim";"disponível"
"Anel de Pérola Natural em Ouro 18k";"Anéis";"Pérola";"Ouro 18k";"1540";"";"";"";"12";"R$ 1.540,00";"Até 12x sem juros";"Anel em Ouro 18k com detalhe em pérola, ideal para compor produções elegantes e presentear em momentos especiais. Peça com visual sofisticado inspirada em anel perola natural ouro 18k. Consulte disponibilidade, aro e condições pelo WhatsApp.";"anel-perola-natural-ouro-18k-1540.jpeg";"não";"não";"sim";"disponível"
"Anel de Pérola Natural em Ouro 18k";"Anéis";"Pérola";"Ouro 18k";"2100";"";"";"";"12";"R$ 2.100,00";"Até 12x sem juros";"Anel em Ouro 18k com detalhe em pérola, ideal para compor produções elegantes e presentear em momentos especiais. Peça com visual sofisticado inspirada em anel perola natural ouro 18k. Consulte disponibilidade, aro e condições pelo WhatsApp.";"anel-perola-natural-ouro-18k-2100 (2).jpeg";"não";"não";"sim";"disponível"
"Anel de Pérola Natural em Ouro 18k";"Anéis";"Pérola";"Ouro 18k";"2100";"";"";"";"12";"R$ 2.100,00";"Até 12x sem juros";"Anel em Ouro 18k com detalhe em pérola, ideal para compor produções elegantes e presentear em momentos especiais. Peça com visual sofisticado inspirada em anel perola natural ouro 18k. Consulte disponibilidade, aro e condições pelo WhatsApp.";"anel-perola-natural-ouro-18k-2100.jpeg";"não";"não";"sim";"disponível"
"Anel de Pérola Natural em Ouro 18k";"Anéis";"Pérola";"Ouro 18k";"2600";"";"";"";"12";"R$ 2.600,00";"Até 12x sem juros";"Anel em Ouro 18k com detalhe em pérola, ideal para compor produções elegantes e presentear em momentos especiais. Peça com visual sofisticado inspirada em anel perola natural ouro 18k. Consulte disponibilidade, aro e condições pelo WhatsApp.";"anel-perola-natural-ouro-18k-2600 (2).jpeg";"não";"não";"sim";"disponível"
"Anel de Pérola Natural em Ouro 18k";"Anéis";"Pérola";"Ouro 18k";"2600";"";"";"";"12";"R$ 2.600,00";"Até 12x sem juros";"Anel em Ouro 18k com detalhe em pérola, ideal para compor produções elegantes e presentear em momentos especiais. Peça com visual sofisticado inspirada em anel perola natural ouro 18k. Consulte disponibilidade, aro e condições pelo WhatsApp.";"anel-perola-natural-ouro-18k-2600.jpeg";"não";"não";"sim";"disponível"
"Anel de Pérola Natural em Ouro 18k";"Anéis";"Pérola";"Ouro 18k";"2660";"";"";"";"12";"R$ 2.660,00";"Até 12x sem juros";"Anel em Ouro 18k com detalhe em pérola, ideal para compor produções elegantes e presentear em momentos especiais. Peça com visual sofisticado inspirada em anel perola natural ouro 18k. Consulte disponibilidade, aro e condições pelo WhatsApp.";"anel-perola-natural-ouro-18k-2660 (2).jpeg";"não";"não";"sim";"disponível"
"Anel de Pérola Natural em Ouro 18k";"Anéis";"Pérola";"Ouro 18k";"2660";"";"";"";"12";"R$ 2.660,00";"Até 12x sem juros";"Anel em Ouro 18k com detalhe em pérola, ideal para compor produções elegantes e presentear em momentos especiais. Peça com visual sofisticado inspirada em anel perola natural ouro 18k. Consulte disponibilidade, aro e condições pelo WhatsApp.";"anel-perola-natural-ouro-18k-2660.jpeg";"não";"não";"sim";"disponível"
"Anel de Pérola Natural em Ouro 18k";"Anéis";"Pérola";"Ouro 18k";"3080";"";"";"";"12";"R$ 3.080,00";"Até 12x sem juros";"Anel em Ouro 18k com detalhe em pérola, ideal para compor produções elegantes e presentear em momentos especiais. Peça com visual sofisticado inspirada em anel perola natural ouro 18k. Consulte disponibilidade, aro e condições pelo WhatsApp.";"anel-perola-natural-ouro-18k-3080 (2).jpeg";"não";"não";"sim";"disponível"
"Anel de Pérola Natural em Ouro 18k";"Anéis";"Pérola";"Ouro 18k";"3080";"";"";"";"12";"R$ 3.080,00";"Até 12x sem juros";"Anel em Ouro 18k com detalhe em pérola, ideal para compor produções elegantes e presentear em momentos especiais. Peça com visual sofisticado inspirada em anel perola natural ouro 18k. Consulte disponibilidade, aro e condições pelo WhatsApp.";"anel-perola-natural-ouro-18k-3080 (3).jpeg";"não";"não";"sim";"disponível"
"Anel de Pérola Natural em Ouro 18k";"Anéis";"Pérola";"Ouro 18k";"3080";"";"";"";"12";"R$ 3.080,00";"Até 12x sem juros";"Anel em Ouro 18k com detalhe em pérola, ideal para compor produções elegantes e presentear em momentos especiais. Peça com visual sofisticado inspirada em anel perola natural ouro 18k. Consulte disponibilidade, aro e condições pelo WhatsApp.";"anel-perola-natural-ouro-18k-3080 (4).jpeg";"não";"não";"sim";"disponível"
"Anel de Pérola Natural em Ouro 18k";"Anéis";"Pérola";"Ouro 18k";"3080";"";"";"";"12";"R$ 3.080,00";"Até 12x sem juros";"Anel em Ouro 18k com detalhe em pérola, ideal para compor produções elegantes e presentear em momentos especiais. Peça com visual sofisticado inspirada em anel perola natural ouro 18k. Consulte disponibilidade, aro e condições pelo WhatsApp.";"anel-perola-natural-ouro-18k-3080.jpeg";"não";"não";"sim";"disponível"
"Anel de Pérola Natural em Ouro 18k";"Anéis";"Pérola";"Ouro 18k";"3360";"";"";"";"12";"R$ 3.360,00";"Até 12x sem juros";"Anel em Ouro 18k com detalhe em pérola, ideal para compor produções elegantes e presentear em momentos especiais. Peça com visual sofisticado inspirada em anel perola natural ouro 18k. Consulte disponibilidade, aro e condições pelo WhatsApp.";"anel-perola-natural-ouro-18k-3360 (2).jpeg";"não";"não";"sim";"disponível"
"Anel de Pérola Natural em Ouro 18k";"Anéis";"Pérola";"Ouro 18k";"3360";"";"";"";"12";"R$ 3.360,00";"Até 12x sem juros";"Anel em Ouro 18k com detalhe em pérola, ideal para compor produções elegantes e presentear em momentos especiais. Peça com visual sofisticado inspirada em anel perola natural ouro 18k. Consulte disponibilidade, aro e condições pelo WhatsApp.";"anel-perola-natural-ouro-18k-3360 (3).jpeg";"não";"não";"sim";"disponível"
"Anel de Pérola Natural em Ouro 18k";"Anéis";"Pérola";"Ouro 18k";"3360";"";"";"";"12";"R$ 3.360,00";"Até 12x sem juros";"Anel em Ouro 18k com detalhe em pérola, ideal para compor produções elegantes e presentear em momentos especiais. Peça com visual sofisticado inspirada em anel perola natural ouro 18k. Consulte disponibilidade, aro e condições pelo WhatsApp.";"anel-perola-natural-ouro-18k-3360 (4).jpeg";"não";"não";"sim";"disponível"
"Anel de Pérola Natural em Ouro 18k";"Anéis";"Pérola";"Ouro 18k";"3360";"";"";"";"12";"R$ 3.360,00";"Até 12x sem juros";"Anel em Ouro 18k com detalhe em pérola, ideal para compor produções elegantes e presentear em momentos especiais. Peça com visual sofisticado inspirada em anel perola natural ouro 18k. Consulte disponibilidade, aro e condições pelo WhatsApp.";"anel-perola-natural-ouro-18k-3360 (5).jpeg";"não";"não";"sim";"disponível"
"Anel de Pérola Natural em Ouro 18k";"Anéis";"Pérola";"Ouro 18k";"3360";"";"";"";"12";"R$ 3.360,00";"Até 12x sem juros";"Anel em Ouro 18k com detalhe em pérola, ideal para compor produções elegantes e presentear em momentos especiais. Peça com visual sofisticado inspirada em anel perola natural ouro 18k. Consulte disponibilidade, aro e condições pelo WhatsApp.";"anel-perola-natural-ouro-18k-3360 (6).jpeg";"não";"não";"sim";"disponível"
"Anel de Pérola Natural em Ouro 18k";"Anéis";"Pérola";"Ouro 18k";"3360";"";"";"";"12";"R$ 3.360,00";"Até 12x sem juros";"Anel em Ouro 18k com detalhe em pérola, ideal para compor produções elegantes e presentear em momentos especiais. Peça com visual sofisticado inspirada em anel perola natural ouro 18k. Consulte disponibilidade, aro e condições pelo WhatsApp.";"anel-perola-natural-ouro-18k-3360.jpeg";"não";"não";"sim";"disponível"
"Anel de Pérola Natural em Ouro 18k";"Anéis";"Pérola";"Ouro 18k";"3640";"";"";"";"12";"R$ 3.640,00";"Até 12x sem juros";"Anel em Ouro 18k com detalhe em pérola, ideal para compor produções elegantes e presentear em momentos especiais. Peça com visual sofisticado inspirada em anel perola natural ouro 18k. Consulte disponibilidade, aro e condições pelo WhatsApp.";"anel-perola-natural-ouro-18k-3640 (2).jpeg";"não";"não";"sim";"disponível"
"Anel de Pérola Natural em Ouro 18k";"Anéis";"Pérola";"Ouro 18k";"3640";"";"";"";"12";"R$ 3.640,00";"Até 12x sem juros";"Anel em Ouro 18k com detalhe em pérola, ideal para compor produções elegantes e presentear em momentos especiais. Peça com visual sofisticado inspirada em anel perola natural ouro 18k. Consulte disponibilidade, aro e condições pelo WhatsApp.";"anel-perola-natural-ouro-18k-3640.jpeg";"não";"não";"sim";"disponível"
"Anel de Pérola Natural em Ouro 18k";"Anéis";"Pérola";"Ouro 18k";"3780";"";"";"";"12";"R$ 3.780,00";"Até 12x sem juros";"Anel em Ouro 18k com detalhe em pérola, ideal para compor produções elegantes e presentear em momentos especiais. Peça com visual sofisticado inspirada em anel perola natural ouro 18k. Consulte disponibilidade, aro e condições pelo WhatsApp.";"anel-perola-natural-ouro-18k-3780 (2).jpeg";"não";"não";"sim";"disponível"
"Anel de Pérola Natural em Ouro 18k";"Anéis";"Pérola";"Ouro 18k";"3780";"";"";"";"12";"R$ 3.780,00";"Até 12x sem juros";"Anel em Ouro 18k com detalhe em pérola, ideal para compor produções elegantes e presentear em momentos especiais. Peça com visual sofisticado inspirada em anel perola natural ouro 18k. Consulte disponibilidade, aro e condições pelo WhatsApp.";"anel-perola-natural-ouro-18k-3780.jpeg";"não";"não";"sim";"disponível"
"Anel de Pérola Natural em Ouro 18k";"Anéis";"Pérola";"Ouro 18k";"3920";"";"";"";"12";"R$ 3.920,00";"Até 12x sem juros";"Anel em Ouro 18k com detalhe em pérola, ideal para compor produções elegantes e presentear em momentos especiais. Peça com visual sofisticado inspirada em anel perola natural ouro 18k. Consulte disponibilidade, aro e condições pelo WhatsApp.";"anel-perola-natural-ouro-18k-3920.jpeg";"não";"não";"sim";"disponível"
"Anel de Pérola Natural em Ouro 18k";"Anéis";"Pérola";"Ouro 18k";"4060";"";"";"";"12";"R$ 4.060,00";"Até 12x sem juros";"Anel em Ouro 18k com detalhe em pérola, ideal para compor produções elegantes e presentear em momentos especiais. Peça com visual sofisticado inspirada em anel perola natural ouro 18k. Consulte disponibilidade, aro e condições pelo WhatsApp.";"anel-perola-natural-ouro-18k-4060 (2).jpeg";"não";"não";"sim";"disponível"
"Anel de Pérola Natural em Ouro 18k";"Anéis";"Pérola";"Ouro 18k";"4060";"";"";"";"12";"R$ 4.060,00";"Até 12x sem juros";"Anel em Ouro 18k com detalhe em pérola, ideal para compor produções elegantes e presentear em momentos especiais. Peça com visual sofisticado inspirada em anel perola natural ouro 18k. Consulte disponibilidade, aro e condições pelo WhatsApp.";"anel-perola-natural-ouro-18k-4060 (3).jpeg";"não";"não";"sim";"disponível"
"Anel de Pérola Natural em Ouro 18k";"Anéis";"Pérola";"Ouro 18k";"4060";"";"";"";"12";"R$ 4.060,00";"Até 12x sem juros";"Anel em Ouro 18k com detalhe em pérola, ideal para compor produções elegantes e presentear em momentos especiais. Peça com visual sofisticado inspirada em anel perola natural ouro 18k. Consulte disponibilidade, aro e condições pelo WhatsApp.";"anel-perola-natural-ouro-18k-4060.jpeg";"não";"não";"sim";"disponível"
"Anel de Pérola Natural em Ouro 18k";"Anéis";"Pérola";"Ouro 18k";"4200";"";"";"";"12";"R$ 4.200,00";"Até 12x sem juros";"Anel em Ouro 18k com detalhe em pérola, ideal para compor produções elegantes e presentear em momentos especiais. Peça com visual sofisticado inspirada em anel perola natural ouro 18k. Consulte disponibilidade, aro e condições pelo WhatsApp.";"anel-perola-natural-ouro-18k-4200.jpeg";"não";"não";"sim";"disponível"
"Anel de Pérola Natural em Ouro 18k";"Anéis";"Pérola";"Ouro 18k";"4760";"";"";"";"12";"R$ 4.760,00";"Até 12x sem juros";"Anel em Ouro 18k com detalhe em pérola, ideal para compor produções elegantes e presentear em momentos especiais. Peça com visual sofisticado inspirada em anel perola natural ouro 18k. Consulte disponibilidade, aro e condições pelo WhatsApp.";"anel-perola-natural-ouro-18k-4760 (2).jpeg";"não";"não";"sim";"disponível"
"Anel de Pérola Natural em Ouro 18k";"Anéis";"Pérola";"Ouro 18k";"4760";"";"";"";"12";"R$ 4.760,00";"Até 12x sem juros";"Anel em Ouro 18k com detalhe em pérola, ideal para compor produções elegantes e presentear em momentos especiais. Peça com visual sofisticado inspirada em anel perola natural ouro 18k. Consulte disponibilidade, aro e condições pelo WhatsApp.";"anel-perola-natural-ouro-18k-4760.jpeg";"não";"não";"sim";"disponível"
"Anel de Pérola Natural em Ouro 18k";"Anéis";"Pérola";"Ouro 18k";"5040";"";"";"";"12";"R$ 5.040,00";"Até 12x sem juros";"Anel em Ouro 18k com detalhe em pérola, ideal para compor produções elegantes e presentear em momentos especiais. Peça com visual sofisticado inspirada em anel perola natural ouro 18k. Consulte disponibilidade, aro e condições pelo WhatsApp.";"anel-perola-natural-ouro-18k-5040 (2).jpeg";"não";"não";"sim";"disponível"
"Anel de Pérola Natural em Ouro 18k";"Anéis";"Pérola";"Ouro 18k";"5040";"";"";"";"12";"R$ 5.040,00";"Até 12x sem juros";"Anel em Ouro 18k com detalhe em pérola, ideal para compor produções elegantes e presentear em momentos especiais. Peça com visual sofisticado inspirada em anel perola natural ouro 18k. Consulte disponibilidade, aro e condições pelo WhatsApp.";"anel-perola-natural-ouro-18k-5040 (3).jpeg";"não";"não";"sim";"disponível"
"Anel de Pérola Natural em Ouro 18k";"Anéis";"Pérola";"Ouro 18k";"5040";"";"";"";"12";"R$ 5.040,00";"Até 12x sem juros";"Anel em Ouro 18k com detalhe em pérola, ideal para compor produções elegantes e presentear em momentos especiais. Peça com visual sofisticado inspirada em anel perola natural ouro 18k. Consulte disponibilidade, aro e condições pelo WhatsApp.";"anel-perola-natural-ouro-18k-5040 (4).jpeg";"não";"não";"sim";"disponível"
"Anel de Pérola Natural em Ouro 18k";"Anéis";"Pérola";"Ouro 18k";"5040";"";"";"";"12";"R$ 5.040,00";"Até 12x sem juros";"Anel em Ouro 18k com detalhe em pérola, ideal para compor produções elegantes e presentear em momentos especiais. Peça com visual sofisticado inspirada em anel perola natural ouro 18k. Consulte disponibilidade, aro e condições pelo WhatsApp.";"anel-perola-natural-ouro-18k-5040.jpeg";"não";"não";"sim";"disponível"
"Anel de Pérola Natural em Ouro 18k";"Anéis";"Pérola";"Ouro 18k";"5600";"";"";"";"12";"R$ 5.600,00";"Até 12x sem juros";"Anel em Ouro 18k com detalhe em pérola, ideal para compor produções elegantes e presentear em momentos especiais. Peça com visual sofisticado inspirada em anel perola natural ouro 18k. Consulte disponibilidade, aro e condições pelo WhatsApp.";"anel-perola-natural-ouro-18k-5600.jpeg";"não";"não";"sim";"disponível"
"Anel de Pérola Natural em Ouro 18k";"Anéis";"Pérola";"Ouro 18k";"7140";"";"";"";"12";"R$ 7.140,00";"Até 12x sem juros";"Anel em Ouro 18k com detalhe em pérola, ideal para compor produções elegantes e presentear em momentos especiais. Peça com visual sofisticado inspirada em anel perola natural ouro 18k. Consulte disponibilidade, aro e condições pelo WhatsApp.";"anel-perola-natural-ouro-18k-7140.jpeg";"não";"não";"sim";"disponível"
"Anel de Pérola Natural em Ouro 18k";"Anéis";"Pérola";"Ouro 18k";"7700";"";"";"";"12";"R$ 7.700,00";"Até 12x sem juros";"Anel em Ouro 18k com detalhe em pérola, ideal para compor produções elegantes e presentear em momentos especiais. Peça com visual sofisticado inspirada em anel perola natural ouro 18k. Consulte disponibilidade, aro e condições pelo WhatsApp.";"anel-perola-natural-ouro-18k-7700.jpeg";"não";"não";"sim";"disponível"
"Anel de Pérola Natural em Ouro 18k";"Anéis";"Pérola";"Ouro 18k";"8400";"";"";"";"12";"R$ 8.400,00";"Até 12x sem juros";"Anel em Ouro 18k com detalhe em pérola, ideal para compor produções elegantes e presentear em momentos especiais. Peça com visual sofisticado inspirada em anel perola natural ouro 18k. Consulte disponibilidade, aro e condições pelo WhatsApp.";"anel-perola-natural-ouro-18k-8400.jpeg";"não";"não";"sim";"disponível"
"Anel de Pérola Natural em Ouro 18k";"Anéis";"Pérola";"Ouro 18k";"4100";"";"";"";"12";"R$ 4.100,00";"Até 12x sem juros";"Anel em Ouro 18k com detalhe em pérola, ideal para compor produções elegantes e presentear em momentos especiais. Peça com visual sofisticado inspirada em anel perola natural ouro 18k com zirconia. Consulte disponibilidade, aro e condições pelo WhatsApp.";"anel-perola-natural-ouro-18k-com-zirconia-4100.jpeg";"não";"não";"sim";"disponível"
"Anel de Pérola Natural em Ouro 18k";"Anéis";"Pérola";"Ouro 18k";"4900";"";"";"";"12";"R$ 4.900,00";"Até 12x sem juros";"Anel em Ouro 18k com detalhe em pérola, ideal para compor produções elegantes e presentear em momentos especiais. Peça com visual sofisticado inspirada em anel perola natural ouro 18k com zirconia. Consulte disponibilidade, aro e condições pelo WhatsApp.";"anel-perola-natural-ouro-18k-com-zirconia-4900.jpeg";"não";"não";"sim";"disponível"
"Anel de Pérola Natural em Ouro 18k";"Anéis";"Pérola";"Ouro 18k";"4060";"";"";"";"12";"R$ 4.060,00";"Até 12x sem juros";"Anel em Ouro 18k com detalhe em pérola, ideal para compor produções elegantes e presentear em momentos especiais. Peça com visual sofisticado inspirada em anel perola natural ouro 18k com zirconias. Consulte disponibilidade, aro e condições pelo WhatsApp.";"anel-perola-natural-ouro-18k-com-zirconias-4060.jpeg";"não";"não";"sim";"disponível"
"Brinco em Ouro 18k";"Brincos";"Brincos em Ouro";"Ouro 18k";"10360";"";"";"";"";"R$ 10.360,00";"Até 6x sem juros";"Brinco em Ouro 18k, delicado e versátil para o dia a dia ou ocasiões especiais. Peça com brilho discreto e acabamento elegante. Consulte disponibilidade e condições pelo WhatsApp.";"brinco-ouro-18k-10360.jpeg";"não";"não";"sim";"disponível"
"Brinco em Ouro 18k";"Brincos";"Brincos em Ouro";"Ouro 18k";"1540";"";"";"";"";"R$ 1.540,00";"Até 6x sem juros";"Brinco em Ouro 18k, delicado e versátil para o dia a dia ou ocasiões especiais. Peça com brilho discreto e acabamento elegante. Consulte disponibilidade e condições pelo WhatsApp.";"brinco-ouro-18k-1540 (2).jpeg";"não";"não";"sim";"disponível"
"Brinco em Ouro 18k";"Brincos";"Brincos em Ouro";"Ouro 18k";"1540";"";"";"";"";"R$ 1.540,00";"Até 6x sem juros";"Brinco em Ouro 18k, delicado e versátil para o dia a dia ou ocasiões especiais. Peça com brilho discreto e acabamento elegante. Consulte disponibilidade e condições pelo WhatsApp.";"brinco-ouro-18k-1540.jpeg";"não";"não";"sim";"disponível"
"Brinco em Ouro 18k";"Brincos";"Brincos em Ouro";"Ouro 18k";"1680";"";"";"";"";"R$ 1.680,00";"Até 6x sem juros";"Brinco em Ouro 18k, delicado e versátil para o dia a dia ou ocasiões especiais. Peça com brilho discreto e acabamento elegante. Consulte disponibilidade e condições pelo WhatsApp.";"brinco-ouro-18k-1680.jpeg";"não";"não";"sim";"disponível"
"Brinco em Ouro 18k";"Brincos";"Brincos em Ouro";"Ouro 18k";"1960";"";"";"";"";"R$ 1.960,00";"Até 6x sem juros";"Brinco em Ouro 18k, delicado e versátil para o dia a dia ou ocasiões especiais. Peça com brilho discreto e acabamento elegante. Consulte disponibilidade e condições pelo WhatsApp.";"brinco-ouro-18k-1960 (2).jpeg";"não";"não";"sim";"disponível"
"Brinco em Ouro 18k";"Brincos";"Brincos em Ouro";"Ouro 18k";"1960";"";"";"";"";"R$ 1.960,00";"Até 6x sem juros";"Brinco em Ouro 18k, delicado e versátil para o dia a dia ou ocasiões especiais. Peça com brilho discreto e acabamento elegante. Consulte disponibilidade e condições pelo WhatsApp.";"brinco-ouro-18k-1960.jpeg";"não";"não";"sim";"disponível"
"Brinco em Ouro 18k";"Brincos";"Brincos em Ouro";"Ouro 18k";"3500";"";"";"";"";"R$ 3.500,00";"Até 6x sem juros";"Brinco em Ouro 18k, delicado e versátil para o dia a dia ou ocasiões especiais. Peça com brilho discreto e acabamento elegante. Consulte disponibilidade e condições pelo WhatsApp.";"brinco-ouro-18k-3500.jpeg";"não";"não";"sim";"disponível"
"Brinco em Ouro 18k";"Brincos";"Brincos em Ouro";"Ouro 18k";"3780";"";"";"";"";"R$ 3.780,00";"Até 6x sem juros";"Brinco em Ouro 18k, delicado e versátil para o dia a dia ou ocasiões especiais. Peça com brilho discreto e acabamento elegante. Consulte disponibilidade e condições pelo WhatsApp.";"brinco-ouro-18k-3780.jpeg";"não";"não";"sim";"disponível"
"Brinco em Ouro 18k";"Brincos";"Brincos em Ouro";"Ouro 18k";"3920";"";"";"";"";"R$ 3.920,00";"Até 6x sem juros";"Brinco em Ouro 18k, delicado e versátil para o dia a dia ou ocasiões especiais. Peça com brilho discreto e acabamento elegante. Consulte disponibilidade e condições pelo WhatsApp.";"brinco-ouro-18k-3920.jpeg";"não";"não";"sim";"disponível"
"Brinco em Ouro 18k";"Brincos";"Brincos em Ouro";"Ouro 18k";"4060";"";"";"";"";"R$ 4.060,00";"Até 6x sem juros";"Brinco em Ouro 18k, delicado e versátil para o dia a dia ou ocasiões especiais. Peça com brilho discreto e acabamento elegante. Consulte disponibilidade e condições pelo WhatsApp.";"brinco-ouro-18k-4060.jpeg";"não";"não";"sim";"disponível"
"Brinco em Ouro 18k";"Brincos";"Brincos em Ouro";"Ouro 18k";"4480";"";"";"";"";"R$ 4.480,00";"Até 6x sem juros";"Brinco em Ouro 18k, delicado e versátil para o dia a dia ou ocasiões especiais. Peça com brilho discreto e acabamento elegante. Consulte disponibilidade e condições pelo WhatsApp.";"brinco-ouro-18k-4480 (2).jpeg";"não";"não";"sim";"disponível"
"Brinco em Ouro 18k";"Brincos";"Brincos em Ouro";"Ouro 18k";"4480";"";"";"";"";"R$ 4.480,00";"Até 6x sem juros";"Brinco em Ouro 18k, delicado e versátil para o dia a dia ou ocasiões especiais. Peça com brilho discreto e acabamento elegante. Consulte disponibilidade e condições pelo WhatsApp.";"brinco-ouro-18k-4480.jpeg";"não";"não";"sim";"disponível"
"Brinco em Ouro 18k";"Brincos";"Brincos em Ouro";"Ouro 18k";"5320";"";"";"";"";"R$ 5.320,00";"Até 6x sem juros";"Brinco em Ouro 18k, delicado e versátil para o dia a dia ou ocasiões especiais. Peça com brilho discreto e acabamento elegante. Consulte disponibilidade e condições pelo WhatsApp.";"brinco-ouro-18k-5320.jpeg";"não";"não";"sim";"disponível"
"Brinco em Ouro 18k";"Brincos";"Brincos em Ouro";"Ouro 18k";"6580";"";"";"";"";"R$ 6.580,00";"Até 6x sem juros";"Brinco em Ouro 18k, delicado e versátil para o dia a dia ou ocasiões especiais. Peça com brilho discreto e acabamento elegante. Consulte disponibilidade e condições pelo WhatsApp.";"brinco-ouro-18k-6580.jpeg";"não";"não";"sim";"disponível"
"Brinco em Ouro 18k";"Brincos";"Brincos em Ouro";"Ouro 18k";"1260";"";"";"";"";"R$ 1.260,00";"Até 6x sem juros";"Brinco em Ouro 18k, delicado e versátil para o dia a dia ou ocasiões especiais. Peça com brilho discreto e acabamento elegante. Consulte disponibilidade e condições pelo WhatsApp.";"brinco-ouro-18k-com-perola-1260.jpeg";"não";"não";"sim";"disponível"
"Brinco em Ouro 18k";"Brincos";"Brincos em Ouro";"Ouro 18k";"1260";"";"";"";"";"R$ 1.260,00";"Até 6x sem juros";"Brinco em Ouro 18k, delicado e versátil para o dia a dia ou ocasiões especiais. Peça com brilho discreto e acabamento elegante. Consulte disponibilidade e condições pelo WhatsApp.";"brinco-ouro-18k-com-perola-e-zirconia-1260.jpeg";"não";"não";"sim";"disponível"
"Brinco em Ouro 18k";"Brincos";"Brincos em Ouro";"Ouro 18k";"3360";"";"";"";"";"R$ 3.360,00";"Até 6x sem juros";"Brinco em Ouro 18k, delicado e versátil para o dia a dia ou ocasiões especiais. Peça com brilho discreto e acabamento elegante. Consulte disponibilidade e condições pelo WhatsApp.";"brinco-ouro-18k-com-perola-e-zirconia-3360.jpeg";"não";"não";"sim";"disponível"
"Brinco em Ouro 18k";"Brincos";"Brincos em Ouro";"Ouro 18k";"8120";"";"";"";"";"R$ 8.120,00";"Até 6x sem juros";"Brinco em Ouro 18k, delicado e versátil para o dia a dia ou ocasiões especiais. Peça com brilho discreto e acabamento elegante. Consulte disponibilidade e condições pelo WhatsApp.";"brinco-ouro-18k-com-perola-natural-8120.jpeg";"não";"não";"sim";"disponível"
"Brinco em Ouro 18k";"Brincos";"Brincos em Ouro";"Ouro 18k";"2380";"";"";"";"";"R$ 2.380,00";"Até 6x sem juros";"Brinco em Ouro 18k, delicado e versátil para o dia a dia ou ocasiões especiais. Peça com brilho discreto e acabamento elegante. Consulte disponibilidade e condições pelo WhatsApp.";"brinco-ouro-18k-com-zirconias-2380.jpeg";"não";"não";"sim";"disponível"
"Brinco em Ouro 18k";"Brincos";"Brincos em Ouro";"Ouro 18k";"3500";"";"";"";"";"R$ 3.500,00";"Até 6x sem juros";"Brinco em Ouro 18k, delicado e versátil para o dia a dia ou ocasiões especiais. Peça com brilho discreto e acabamento elegante. Consulte disponibilidade e condições pelo WhatsApp.";"brinco-ouro-18k-com-zirconias-3500.jpeg";"não";"não";"sim";"disponível"
"Brinco em Ouro 18k";"Brincos";"Brincos em Ouro";"Ouro 18k";"5740";"";"";"";"";"R$ 5.740,00";"Até 6x sem juros";"Brinco em Ouro 18k, delicado e versátil para o dia a dia ou ocasiões especiais. Peça com brilho discreto e acabamento elegante. Consulte disponibilidade e condições pelo WhatsApp.";"brinco-ouro-18k-com-zirconias-5740.jpeg";"não";"não";"sim";"disponível"
"Brinco em Ouro 18k";"Brincos";"Brincos em Ouro";"Ouro 18k";"7280";"";"";"";"";"R$ 7.280,00";"Até 6x sem juros";"Brinco em Ouro 18k, delicado e versátil para o dia a dia ou ocasiões especiais. Peça com brilho discreto e acabamento elegante. Consulte disponibilidade e condições pelo WhatsApp.";"brinco-ouro-18k-com-zirconias-7280.jpeg";"não";"não";"sim";"disponível"
"Brinco em Ouro 18k";"Brincos";"Brincos em Ouro";"Ouro 18k";"8680";"";"";"";"";"R$ 8.680,00";"Até 6x sem juros";"Brinco em Ouro 18k, delicado e versátil para o dia a dia ou ocasiões especiais. Peça com brilho discreto e acabamento elegante. Consulte disponibilidade e condições pelo WhatsApp.";"brinco-ouro-18k-com-zirconias-8680.jpeg";"não";"não";"sim";"disponível"
"Brinco em Ouro 18k";"Brincos";"Brincos em Ouro";"Ouro 18k";"2660";"";"";"";"";"R$ 2.660,00";"Até 6x sem juros";"Brinco em Ouro 18k, delicado e versátil para o dia a dia ou ocasiões especiais. Peça com brilho discreto e acabamento elegante. Consulte disponibilidade e condições pelo WhatsApp.";"brinco-ouro-18k-coracao-2660.jpeg";"não";"não";"sim";"disponível"
"Brinco em Ouro 18k";"Brincos";"Brincos em Ouro";"Ouro 18k";"3220";"";"";"";"";"R$ 3.220,00";"Até 6x sem juros";"Brinco em Ouro 18k, delicado e versátil para o dia a dia ou ocasiões especiais. Peça com brilho discreto e acabamento elegante. Consulte disponibilidade e condições pelo WhatsApp.";"brinco-ouro-18k-coracao-de-pedras-3220.jpeg";"não";"não";"sim";"disponível"
"Brinco em Ouro 18k";"Brincos";"Brincos em Ouro";"Ouro 18k";"2520";"";"";"";"";"R$ 2.520,00";"Até 6x sem juros";"Brinco em Ouro 18k, delicado e versátil para o dia a dia ou ocasiões especiais. Peça com brilho discreto e acabamento elegante. Consulte disponibilidade e condições pelo WhatsApp.";"brinco-ouro-18k-coroa-com-pedras-2520.jpeg";"não";"não";"sim";"disponível"
"Brinco em Ouro 18k";"Brincos";"Brincos em Ouro";"Ouro 18k";"1260";"";"";"";"";"R$ 1.260,00";"Até 6x sem juros";"Brinco em Ouro 18k, delicado e versátil para o dia a dia ou ocasiões especiais. Peça com brilho discreto e acabamento elegante. Consulte disponibilidade e condições pelo WhatsApp.";"brinco-ouro-18k-cruz-com-zirconia-1260.jpeg";"não";"não";"sim";"disponível"
"Brinco em Ouro 18k";"Brincos";"Brincos em Ouro";"Ouro 18k";"3500";"";"";"";"";"R$ 3.500,00";"Até 6x sem juros";"Brinco em Ouro 18k, delicado e versátil para o dia a dia ou ocasiões especiais. Peça com brilho discreto e acabamento elegante. Consulte disponibilidade e condições pelo WhatsApp.";"brinco-ouro-18k-estrela-com-pedras-3500.jpeg";"não";"não";"sim";"disponível"
"Brinco em Ouro 18k";"Brincos";"Brincos em Ouro";"Ouro 18k";"1140";"";"";"";"";"R$ 1.140,00";"Até 6x sem juros";"Brinco em Ouro 18k, delicado e versátil para o dia a dia ou ocasiões especiais. Peça com brilho discreto e acabamento elegante. Consulte disponibilidade e condições pelo WhatsApp.";"brinco-ouro-18k-flor-1140.jpeg";"não";"não";"sim";"disponível"
"Brinco em Ouro 18k";"Brincos";"Brincos em Ouro";"Ouro 18k";"2520";"";"";"";"";"R$ 2.520,00";"Até 6x sem juros";"Brinco em Ouro 18k, delicado e versátil para o dia a dia ou ocasiões especiais. Peça com brilho discreto e acabamento elegante. Consulte disponibilidade e condições pelo WhatsApp.";"brinco-ouro-18k-laco-2520.jpeg";"não";"não";"sim";"disponível"
"Brinco em Ouro 18k";"Brincos";"Brincos em Ouro";"Ouro 18k";"4900";"";"";"";"";"R$ 4.900,00";"Até 6x sem juros";"Brinco em Ouro 18k, delicado e versátil para o dia a dia ou ocasiões especiais. Peça com brilho discreto e acabamento elegante. Consulte disponibilidade e condições pelo WhatsApp.";"brinco-ouro-18k-olho-grego-4900.jpeg";"não";"não";"sim";"disponível"
"Brinco em Ouro 18k";"Brincos";"Ponto de luz";"Ouro 18k";"1540";"";"";"";"";"R$ 1.540,00";"Até 6x sem juros";"Brinco ponto de luz em Ouro 18k, delicado e versátil para o dia a dia ou ocasiões especiais. Peça com brilho discreto e acabamento elegante. Consulte disponibilidade e condições pelo WhatsApp.";"brinco-ouro-18k-ponto-luz-1540.jpeg";"não";"não";"sim";"disponível"
"Brinco em Ouro 18k";"Brincos";"Brincos em Ouro";"Ouro 18k";"2520";"";"";"";"";"R$ 2.520,00";"Até 6x sem juros";"Brinco em Ouro 18k, delicado e versátil para o dia a dia ou ocasiões especiais. Peça com brilho discreto e acabamento elegante. Consulte disponibilidade e condições pelo WhatsApp.";"brinco-ouro-18k-simbolo-infinito-2520.jpeg";"não";"não";"sim";"disponível"
"Brinco em Ouro 18k";"Brincos";"Brincos em Ouro";"Ouro 18k";"2800";"";"";"";"";"R$ 2.800,00";"Até 6x sem juros";"Brinco em Ouro 18k, delicado e versátil para o dia a dia ou ocasiões especiais. Peça com brilho discreto e acabamento elegante. Consulte disponibilidade e condições pelo WhatsApp.";"brinco-ouro-18k-trevo-4-folhas-2800.jpeg";"não";"não";"sim";"disponível"
"Combo Alianças Prata 950 + Anel Solitário";"Alianças";"Alianças Prata";"Prata 950";"360";"";"";"";"6";"R$ 360,00";"Até 6x sem juros";"Combo completo com par de alianças em prata 950 e anel solitário, ideal para pedidos de namoro e momentos especiais. Gravação dos nomes e caixinha inclusas como cortesia. Consulte numeração, prazo e parcelamento em até 6x sem juros pelo WhatsApp.";"kit-aliancas-anel-solitario-prata-950-chanfrado-pedras-verdes-360.png";"não";"não";"sim";"disponível"
"Combo Alianças Prata 950 + Anel Solitário";"Alianças";"Alianças Prata";"Prata 950";"490";"";"";"";"6";"R$ 490,00";"Até 6x sem juros";"Combo completo com par de alianças em prata 950 e anel solitário, ideal para pedidos de namoro e momentos especiais. Gravação dos nomes e caixinha inclusas como cortesia. Consulte numeração, prazo e parcelamento em até 6x sem juros pelo WhatsApp.";"kit-aliancas-anel-solitario-prata-950-com-coracao-frezo-dourado-490.png";"não";"não";"sim";"disponível"
"Combo Alianças Prata 950 + Anel Solitário";"Alianças";"Alianças Prata";"Prata 950";"490";"";"";"";"6";"R$ 490,00";"Até 6x sem juros";"Combo completo com par de alianças em prata 950 e anel solitário, ideal para pedidos de namoro e momentos especiais. Gravação dos nomes e caixinha inclusas como cortesia. Consulte numeração, prazo e parcelamento em até 6x sem juros pelo WhatsApp.";"kit-aliancas-anel-solitario-prata-950-com-frez-dourado-metade-fosco-metade-liso-490.png";"não";"não";"sim";"disponível"
"Combo Alianças Prata 950 + Anel Solitário";"Alianças";"Alianças Prata";"Prata 950";"460";"";"";"";"6";"R$ 460,00";"Até 6x sem juros";"Combo completo com par de alianças em prata 950 e anel solitário, ideal para pedidos de namoro e momentos especiais. Gravação dos nomes e caixinha inclusas como cortesia. Consulte numeração, prazo e parcelamento em até 6x sem juros pelo WhatsApp.";"kit-aliancas-anel-solitario-prata-950-com-pedras-460.png";"não";"não";"sim";"disponível"
"Combo Alianças Prata 950 + Anel Solitário";"Alianças";"Alianças Prata";"Prata 950";"590";"";"";"";"6";"R$ 590,00";"Até 6x sem juros";"Combo completo com par de alianças em prata 950 e anel solitário, ideal para pedidos de namoro e momentos especiais. Gravação dos nomes e caixinha inclusas como cortesia. Consulte numeração, prazo e parcelamento em até 6x sem juros pelo WhatsApp.";"kit-aliancas-anel-solitario-prata-950-concava-com-pedras-verdes-590.png";"não";"não";"sim";"disponível"
"Combo Alianças Prata 950 + Anel Solitário";"Alianças";"Alianças Prata";"Prata 950";"490";"";"";"";"6";"R$ 490,00";"Até 6x sem juros";"Combo completo com par de alianças em prata 950 e anel solitário, ideal para pedidos de namoro e momentos especiais. Gravação dos nomes e caixinha inclusas como cortesia. Consulte numeração, prazo e parcelamento em até 6x sem juros pelo WhatsApp.";"kit-aliancas-anel-solitario-prata-950-pedras-vermelhas-490.png";"não";"não";"sim";"disponível"
"Combo Alianças Prata 950 + Anel Solitário";"Alianças";"Alianças Prata";"Prata 950";"620";"";"";"";"6";"R$ 620,00";"Até 6x sem juros";"Combo completo com par de alianças em prata 950 e anel solitário, ideal para pedidos de namoro e momentos especiais. Gravação dos nomes e caixinha inclusas como cortesia. Consulte numeração, prazo e parcelamento em até 6x sem juros pelo WhatsApp.";"kit-aliancas-anel-solitario-prata-950-quadrado-com-pedras-620.jpeg";"não";"não";"sim";"disponível"
"Combo Alianças Prata 950 + Anel Solitário";"Alianças";"Alianças Prata";"Prata 950";"360";"";"";"";"6";"R$ 360,00";"Até 6x sem juros";"Combo completo com par de alianças em prata 950 e anel solitário, ideal para pedidos de namoro e momentos especiais. Gravação dos nomes e caixinha inclusas como cortesia. Consulte numeração, prazo e parcelamento em até 6x sem juros pelo WhatsApp.";"kit-aliancas-anel-solitario-prata-950-redondo-fosco-360.png";"não";"não";"sim";"disponível"
"Combo Alianças Prata 950 + Anel Solitário";"Alianças";"Alianças Prata";"Prata 950";"460";"";"";"";"6";"R$ 460,00";"Até 6x sem juros";"Combo completo com par de alianças em prata 950 e anel solitário, ideal para pedidos de namoro e momentos especiais. Gravação dos nomes e caixinha inclusas como cortesia. Consulte numeração, prazo e parcelamento em até 6x sem juros pelo WhatsApp.";"kit-aliancas-anel-solitario-prata-950-trabalhado-460.png";"não";"não";"sim";"disponível"
"Aliança Prata 950 Namoro";"Alianças";"Alianças Prata";"Prata 950";"380";"";"";"";"6";"R$ 380,00";"Até 6x sem juros";"Aliança em prata 950 com visual delicado e ótimo acabamento, ideal para simbolizar momentos especiais. Gravação dos nomes e caixinha inclusas como cortesia. Consulte numeração, prazo e parcelamento em até 6x sem juros pelo WhatsApp.";"alianca-prata-950-namoro-380-2.png";"não";"não";"sim";"disponível"
"Anel Ouro 18k";"Anéis";"Masculino";"Ouro 18k";"11200";"";"";"";"12";"R$ 11.200,00";"Até 12x sem juros";"Anel em Ouro 18k, ideal para compor produções elegantes e presentear em momentos especiais. Peça com visual sofisticado inspirada em anel ouro 18k. Consulte disponibilidade, aro e condições pelo WhatsApp.";"anel-ouro-18k-11200.png";"não";"não";"sim";"disponível"
"Anel Ouro 18k";"Anéis";"Masculino";"Ouro 18k";"3780";"";"";"";"12";"R$ 3.780,00";"Até 12x sem juros";"Anel em Ouro 18k, ideal para compor produções elegantes e presentear em momentos especiais. Peça com visual sofisticado inspirada em anel ouro 18k. Consulte disponibilidade, aro e condições pelo WhatsApp.";"anel-ouro-18k-3780.png";"não";"não";"sim";"disponível"
"Anel Ouro 18k Cabeca Dragao";"Anéis";"Masculino";"Ouro 18k";"29960";"";"";"";"12";"R$ 29.960,00";"Até 12x sem juros";"Anel em Ouro 18k, ideal para compor produções elegantes e presentear em momentos especiais. Peça com visual sofisticado inspirada em anel ouro 18k cabeca dragao. Consulte disponibilidade, aro e condições pelo WhatsApp.";"anel-ouro-18k-cabeca-dragao-29960.png";"não";"não";"sim";"disponível"
"Anel Ouro 18k Cavalo";"Anéis";"Masculino";"Ouro 18k";"11620";"";"";"";"12";"R$ 11.620,00";"Até 12x sem juros";"Anel em Ouro 18k, ideal para compor produções elegantes e presentear em momentos especiais. Peça com visual sofisticado inspirada em anel ouro 18k cavalo. Consulte disponibilidade, aro e condições pelo WhatsApp.";"anel-ouro-18k-cavalo-11620.png";"não";"não";"sim";"disponível"
"Anel Ouro 18k Cavalo";"Anéis";"Masculino";"Ouro 18k";"13020";"";"";"";"12";"R$ 13.020,00";"Até 12x sem juros";"Anel em Ouro 18k, ideal para compor produções elegantes e presentear em momentos especiais. Peça com visual sofisticado inspirada em anel ouro 18k cavalo. Consulte disponibilidade, aro e condições pelo WhatsApp.";"anel-ouro-18k-cavalo-13020.png";"não";"não";"sim";"disponível"
"Anel Ouro 18k Cavalo";"Anéis";"Masculino";"Ouro 18k";"7980";"";"";"";"12";"R$ 7.980,00";"Até 12x sem juros";"Anel em Ouro 18k, ideal para compor produções elegantes e presentear em momentos especiais. Peça com visual sofisticado inspirada em anel ouro 18k cavalo. Consulte disponibilidade, aro e condições pelo WhatsApp.";"anel-ouro-18k-cavalo-7980.png";"não";"não";"sim";"disponível"
"Anel Ouro 18k Cavalo com Diamantes";"Anéis";"Masculino";"Ouro 18k";"10900";"";"";"";"12";"R$ 10.900,00";"Até 12x sem juros";"Anel em Ouro 18k, ideal para compor produções elegantes e presentear em momentos especiais. Peça com visual sofisticado inspirada em anel ouro 18k cavalo com diamantes. Consulte disponibilidade, aro e condições pelo WhatsApp.";"anel-ouro-18k-cavalo-com-diamantes-10900.png";"não";"não";"sim";"disponível"
"Anel Ouro 18k Cavalo com Diamantes";"Anéis";"Masculino";"Ouro 18k";"12460";"";"";"";"12";"R$ 12.460,00";"Até 12x sem juros";"Anel em Ouro 18k, ideal para compor produções elegantes e presentear em momentos especiais. Peça com visual sofisticado inspirada em anel ouro 18k cavalo com diamantes. Consulte disponibilidade, aro e condições pelo WhatsApp.";"anel-ouro-18k-cavalo-com-diamantes-12460.png";"não";"não";"sim";"disponível"
"Anel Ouro 18k Cavalo com Safira";"Anéis";"Masculino";"Ouro 18k";"15540";"";"";"";"12";"R$ 15.540,00";"Até 12x sem juros";"Anel em Ouro 18k, ideal para compor produções elegantes e presentear em momentos especiais. Peça com visual sofisticado inspirada em anel ouro 18k cavalo com safira. Consulte disponibilidade, aro e condições pelo WhatsApp.";"anel-ouro-18k-cavalo-com-safira-15540.png";"não";"não";"sim";"disponível"
"Anel Ouro 18k Caveira";"Anéis";"Masculino";"Ouro 18k";"6860";"";"";"";"12";"R$ 6.860,00";"Até 12x sem juros";"Anel em Ouro 18k, ideal para compor produções elegantes e presentear em momentos especiais. Peça com visual sofisticado inspirada em anel ouro 18k caveira. Consulte disponibilidade, aro e condições pelo WhatsApp.";"anel-ouro-18k-caveira-6860.png";"não";"não";"sim";"disponível"
"Anel Ouro 18k Caveira";"Anéis";"Masculino";"Ouro 18k";"9240";"";"";"";"12";"R$ 9.240,00";"Até 12x sem juros";"Anel em Ouro 18k, ideal para compor produções elegantes e presentear em momentos especiais. Peça com visual sofisticado inspirada em anel ouro 18k caveira. Consulte disponibilidade, aro e condições pelo WhatsApp.";"anel-ouro-18k-caveira-9240.png";"não";"não";"sim";"disponível"
"Anel Ouro 18k Chapa com Diamantes";"Anéis";"Masculino";"Ouro 18k";"6580";"";"";"";"12";"R$ 6.580,00";"Até 12x sem juros";"Anel em Ouro 18k, ideal para compor produções elegantes e presentear em momentos especiais. Peça com visual sofisticado inspirada em anel ouro 18k chapa com diamantes. Consulte disponibilidade, aro e condições pelo WhatsApp.";"anel-ouro-18k-chapa-com-diamantes-6580.png";"não";"não";"sim";"disponível"
"Anel Ouro 18k Chapa com Diamantes";"Anéis";"Masculino";"Ouro 18k";"7980";"";"";"";"12";"R$ 7.980,00";"Até 12x sem juros";"Anel em Ouro 18k, ideal para compor produções elegantes e presentear em momentos especiais. Peça com visual sofisticado inspirada em anel ouro 18k chapa com diamantes. Consulte disponibilidade, aro e condições pelo WhatsApp.";"anel-ouro-18k-chapa-com-diamantes-7980.png";"não";"não";"sim";"disponível"
"Anel Ouro 18k Chapa Liso";"Anéis";"Masculino";"Ouro 18k";"4900";"";"";"";"12";"R$ 4.900,00";"Até 12x sem juros";"Anel em Ouro 18k, ideal para compor produções elegantes e presentear em momentos especiais. Peça com visual sofisticado inspirada em anel ouro 18k chapa liso. Consulte disponibilidade, aro e condições pelo WhatsApp.";"anel-ouro-18k-chapa-liso-4900.png";"não";"não";"sim";"disponível"
"Anel Ouro 18k Chapa Liso";"Anéis";"Masculino";"Ouro 18k";"6860";"";"";"";"12";"R$ 6.860,00";"Até 12x sem juros";"Anel em Ouro 18k, ideal para compor produções elegantes e presentear em momentos especiais. Peça com visual sofisticado inspirada em anel ouro 18k chapa liso. Consulte disponibilidade, aro e condições pelo WhatsApp.";"anel-ouro-18k-chapa-liso-6860.png";"não";"não";"sim";"disponível"
"Anel Ouro 18k Chapa Liso";"Anéis";"Masculino";"Ouro 18k";"7420";"";"";"";"12";"R$ 7.420,00";"Até 12x sem juros";"Anel em Ouro 18k, ideal para compor produções elegantes e presentear em momentos especiais. Peça com visual sofisticado inspirada em anel ouro 18k chapa liso. Consulte disponibilidade, aro e condições pelo WhatsApp.";"anel-ouro-18k-chapa-liso-7420.png";"não";"não";"sim";"disponível"
"Anel Ouro 18k Chapa Liso";"Anéis";"Masculino";"Ouro 18k";"8820";"";"";"";"12";"R$ 8.820,00";"Até 12x sem juros";"Anel em Ouro 18k, ideal para compor produções elegantes e presentear em momentos especiais. Peça com visual sofisticado inspirada em anel ouro 18k chapa liso. Consulte disponibilidade, aro e condições pelo WhatsApp.";"anel-ouro-18k-chapa-liso-8820.png";"não";"não";"sim";"disponível"
"Anel Ouro 18k Chapa Redondo Trabalhado";"Anéis";"Masculino";"Ouro 18k";"16100";"";"";"";"12";"R$ 16.100,00";"Até 12x sem juros";"Anel em Ouro 18k, ideal para compor produções elegantes e presentear em momentos especiais. Peça com visual sofisticado inspirada em anel ouro 18k chapa redondo trabalhado. Consulte disponibilidade, aro e condições pelo WhatsApp.";"anel-ouro-18k-chapa-redondo-trabalhado-16100.png";"não";"não";"sim";"disponível"
"Anel Ouro 18k Chapa Trabalhado";"Anéis";"Masculino";"Ouro 18k";"12740";"";"";"";"12";"R$ 12.740,00";"Até 12x sem juros";"Anel em Ouro 18k, ideal para compor produções elegantes e presentear em momentos especiais. Peça com visual sofisticado inspirada em anel ouro 18k chapa trabalhado. Consulte disponibilidade, aro e condições pelo WhatsApp.";"anel-ouro-18k-chapa-trabalhado-12740.png";"não";"não";"sim";"disponível"
"Anel Ouro 18k Chapa Trabalhado";"Anéis";"Masculino";"Ouro 18k";"12880";"";"";"";"12";"R$ 12.880,00";"Até 12x sem juros";"Anel em Ouro 18k, ideal para compor produções elegantes e presentear em momentos especiais. Peça com visual sofisticado inspirada em anel ouro 18k chapa trabalhado. Consulte disponibilidade, aro e condições pelo WhatsApp.";"anel-ouro-18k-chapa-trabalhado-12880.png";"não";"não";"sim";"disponível"
"Anel Ouro 18k Chapa Trabalhado";"Anéis";"Masculino";"Ouro 18k";"3780";"";"";"";"12";"R$ 3.780,00";"Até 12x sem juros";"Anel em Ouro 18k, ideal para compor produções elegantes e presentear em momentos especiais. Peça com visual sofisticado inspirada em anel ouro 18k chapa trabalhado. Consulte disponibilidade, aro e condições pelo WhatsApp.";"anel-ouro-18k-chapa-trabalhado-3780.png";"não";"não";"sim";"disponível"
"Anel Ouro 18k Chapa Trabalhado com Diamantes";"Anéis";"Masculino";"Ouro 18k";"6440";"";"";"";"12";"R$ 6.440,00";"Até 12x sem juros";"Anel em Ouro 18k, ideal para compor produções elegantes e presentear em momentos especiais. Peça com visual sofisticado inspirada em anel ouro 18k chapa trabalhado com diamantes. Consulte disponibilidade, aro e condições pelo WhatsApp.";"anel-ouro-18k-chapa-trabalhado-com-diamantes-6440.png";"não";"não";"sim";"disponível"
"Anel Ouro 18k Chapa Trabalhado Lateral";"Anéis";"Masculino";"Ouro 18k";"11760";"";"";"";"12";"R$ 11.760,00";"Até 12x sem juros";"Anel em Ouro 18k, ideal para compor produções elegantes e presentear em momentos especiais. Peça com visual sofisticado inspirada em anel ouro 18k chapa trabalhado lateral. Consulte disponibilidade, aro e condições pelo WhatsApp.";"anel-ouro-18k-chapa-trabalhado-lateral-11760.png";"não";"não";"sim";"disponível"
"Anel Ouro 18k Chpa Cavalo";"Anéis";"Masculino";"Ouro 18k";"6020";"";"";"";"12";"R$ 6.020,00";"Até 12x sem juros";"Anel em Ouro 18k, ideal para compor produções elegantes e presentear em momentos especiais. Peça com visual sofisticado inspirada em anel ouro 18k chpa cavalo. Consulte disponibilidade, aro e condições pelo WhatsApp.";"anel-ouro-18k-chpa-cavalo-6020.png";"não";"não";"sim";"disponível"
"Anel Ouro 18k Cifrao";"Anéis";"Masculino";"Ouro 18k";"11800";"";"";"";"12";"R$ 11.800,00";"Até 12x sem juros";"Anel em Ouro 18k, ideal para compor produções elegantes e presentear em momentos especiais. Peça com visual sofisticado inspirada em anel ouro 18k cifrao. Consulte disponibilidade, aro e condições pelo WhatsApp.";"anel-ouro-18k-cifrao-11800.png";"não";"não";"sim";"disponível"
"Anel Ouro 18k com Diamante";"Anéis";"Masculino";"Ouro 18k";"10900";"";"";"";"12";"R$ 10.900,00";"Até 12x sem juros";"Anel em Ouro 18k, ideal para compor produções elegantes e presentear em momentos especiais. Peça com visual sofisticado inspirada em anel ouro 18k com diamante. Consulte disponibilidade, aro e condições pelo WhatsApp.";"anel-ouro-18k-com-diamante-10900.png";"não";"não";"sim";"disponível"
"Anel Ouro 18k com Diamante";"Anéis";"Masculino";"Ouro 18k";"14720";"";"";"";"12";"R$ 14.720,00";"Até 12x sem juros";"Anel em Ouro 18k, ideal para compor produções elegantes e presentear em momentos especiais. Peça com visual sofisticado inspirada em anel ouro 18k com diamante. Consulte disponibilidade, aro e condições pelo WhatsApp.";"anel-ouro-18k-com-diamante-14720.png";"não";"não";"sim";"disponível"
"Anel Ouro 18k com Diamante Trabalhado";"Anéis";"Masculino";"Ouro 18k";"16660";"";"";"";"12";"R$ 16.660,00";"Até 12x sem juros";"Anel em Ouro 18k, ideal para compor produções elegantes e presentear em momentos especiais. Peça com visual sofisticado inspirada em anel ouro 18k com diamante trabalhado. Consulte disponibilidade, aro e condições pelo WhatsApp.";"anel-ouro-18k-com-diamante-trabalhado-16660.png";"não";"não";"sim";"disponível"
"Anel Ouro 18k com Diamantes";"Anéis";"Masculino";"Ouro 18k";"12040";"";"";"";"12";"R$ 12.040,00";"Até 12x sem juros";"Anel em Ouro 18k, ideal para compor produções elegantes e presentear em momentos especiais. Peça com visual sofisticado inspirada em anel ouro 18k com diamantes. Consulte disponibilidade, aro e condições pelo WhatsApp.";"anel-ouro-18k-com-diamantes-12040.png";"não";"não";"sim";"disponível"
"Anel Ouro 18k com Diamantes";"Anéis";"Masculino";"Ouro 18k";"12720";"";"";"";"12";"R$ 12.720,00";"Até 12x sem juros";"Anel em Ouro 18k, ideal para compor produções elegantes e presentear em momentos especiais. Peça com visual sofisticado inspirada em anel ouro 18k com diamantes. Consulte disponibilidade, aro e condições pelo WhatsApp.";"anel-ouro-18k-com-diamantes-12720.png";"não";"não";"sim";"disponível"
"Anel Ouro 18k com Diamantes";"Anéis";"Masculino";"Ouro 18k";"14560";"";"";"";"12";"R$ 14.560,00";"Até 12x sem juros";"Anel em Ouro 18k, ideal para compor produções elegantes e presentear em momentos especiais. Peça com visual sofisticado inspirada em anel ouro 18k com diamantes. Consulte disponibilidade, aro e condições pelo WhatsApp.";"anel-ouro-18k-com-diamantes-14560.png";"não";"não";"sim";"disponível"
"Anel Ouro 18k com Diamantes e Esmeralda";"Anéis";"Masculino";"Ouro 18k";"8120";"";"";"";"12";"R$ 8.120,00";"Até 12x sem juros";"Anel em Ouro 18k, ideal para compor produções elegantes e presentear em momentos especiais. Peça com visual sofisticado inspirada em anel ouro 18k com diamantes e esmeralda. Consulte disponibilidade, aro e condições pelo WhatsApp.";"anel-ouro-18k-com-diamantes-e-esmeralda-8120.png";"não";"não";"sim";"disponível"
"Anel Ouro 18k com Diamantes e Rubi";"Anéis";"Masculino";"Ouro 18k";"17640";"";"";"";"12";"R$ 17.640,00";"Até 12x sem juros";"Anel em Ouro 18k, ideal para compor produções elegantes e presentear em momentos especiais. Peça com visual sofisticado inspirada em anel ouro 18k com diamantes e rubi. Consulte disponibilidade, aro e condições pelo WhatsApp.";"anel-ouro-18k-com-diamantes-e-rubi-17640.png";"não";"não";"sim";"disponível"
"Anel Ouro 18k com Diamantes e Rubi";"Anéis";"Masculino";"Ouro 18k";"8260";"";"";"";"12";"R$ 8.260,00";"Até 12x sem juros";"Anel em Ouro 18k, ideal para compor produções elegantes e presentear em momentos especiais. Peça com visual sofisticado inspirada em anel ouro 18k com diamantes e rubi. Consulte disponibilidade, aro e condições pelo WhatsApp.";"anel-ouro-18k-com-diamantes-e-rubi-8260.png";"não";"não";"sim";"disponível"
"Anel Ouro 18k com Diamantes e Rubi";"Anéis";"Masculino";"Ouro 18k";"9380";"";"";"";"12";"R$ 9.380,00";"Até 12x sem juros";"Anel em Ouro 18k, ideal para compor produções elegantes e presentear em momentos especiais. Peça com visual sofisticado inspirada em anel ouro 18k com diamantes e rubi. Consulte disponibilidade, aro e condições pelo WhatsApp.";"anel-ouro-18k-com-diamantes-e-rubi-9380.png";"não";"não";"sim";"disponível"
"Anel Ouro 18k com Diamantes e Safira Azul";"Anéis";"Masculino";"Ouro 18k";"18480";"";"";"";"12";"R$ 18.480,00";"Até 12x sem juros";"Anel em Ouro 18k, ideal para compor produções elegantes e presentear em momentos especiais. Peça com visual sofisticado inspirada em anel ouro 18k com diamantes e safira azul. Consulte disponibilidade, aro e condições pelo WhatsApp.";"anel-ouro-18k-com-diamantes-e-safira-azul-18480.png";"não";"não";"sim";"disponível"
"Anel Ouro 18k com Esmeralda";"Anéis";"Masculino";"Ouro 18k";"11340";"";"";"";"12";"R$ 11.340,00";"Até 12x sem juros";"Anel em Ouro 18k, ideal para compor produções elegantes e presentear em momentos especiais. Peça com visual sofisticado inspirada em anel ouro 18k com esmeralda. Consulte disponibilidade, aro e condições pelo WhatsApp.";"anel-ouro-18k-com-esmeralda-11340.png";"não";"não";"sim";"disponível"
"Anel Ouro 18k com Esmeralda";"Anéis";"Masculino";"Ouro 18k";"12040";"";"";"";"12";"R$ 12.040,00";"Até 12x sem juros";"Anel em Ouro 18k, ideal para compor produções elegantes e presentear em momentos especiais. Peça com visual sofisticado inspirada em anel ouro 18k com esmeralda. Consulte disponibilidade, aro e condições pelo WhatsApp.";"anel-ouro-18k-com-esmeralda-12040.png";"não";"não";"sim";"disponível"
"Anel Ouro 18k com Esmeralda e Diamantes";"Anéis";"Masculino";"Ouro 18k";"13440";"";"";"";"12";"R$ 13.440,00";"Até 12x sem juros";"Anel em Ouro 18k, ideal para compor produções elegantes e presentear em momentos especiais. Peça com visual sofisticado inspirada em anel ouro 18k com esmeralda e diamantes. Consulte disponibilidade, aro e condições pelo WhatsApp.";"anel-ouro-18k-com-esmeralda-e-diamantes-13440.png";"não";"não";"sim";"disponível"
"Anel Ouro 18k com Esmeralda e Diamantes";"Anéis";"Masculino";"Ouro 18k";"17640";"";"";"";"12";"R$ 17.640,00";"Até 12x sem juros";"Anel em Ouro 18k, ideal para compor produções elegantes e presentear em momentos especiais. Peça com visual sofisticado inspirada em anel ouro 18k com esmeralda e diamantes. Consulte disponibilidade, aro e condições pelo WhatsApp.";"anel-ouro-18k-com-esmeralda-e-diamantes-17640.png";"não";"não";"sim";"disponível"
"Anel Ouro 18k com Esmeralda e Diamantes";"Anéis";"Masculino";"Ouro 18k";"17940";"";"";"";"12";"R$ 17.940,00";"Até 12x sem juros";"Anel em Ouro 18k, ideal para compor produções elegantes e presentear em momentos especiais. Peça com visual sofisticado inspirada em anel ouro 18k com esmeralda e diamantes. Consulte disponibilidade, aro e condições pelo WhatsApp.";"anel-ouro-18k-com-esmeralda-e-diamantes-17940.png";"não";"não";"sim";"disponível"
"Anel Ouro 18k com Pedra Onix";"Anéis";"Masculino";"Ouro 18k";"10920";"";"";"";"12";"R$ 10.920,00";"Até 12x sem juros";"Anel em Ouro 18k, ideal para compor produções elegantes e presentear em momentos especiais. Peça com visual sofisticado inspirada em anel ouro 18k com pedra onix. Consulte disponibilidade, aro e condições pelo WhatsApp.";"anel-ouro-18k-com-pedra-onix-10920.png";"não";"não";"sim";"disponível"
"Anel Ouro 18k com Pedra Onix";"Anéis";"Masculino";"Ouro 18k";"3360";"";"";"";"12";"R$ 3.360,00";"Até 12x sem juros";"Anel em Ouro 18k, ideal para compor produções elegantes e presentear em momentos especiais. Peça com visual sofisticado inspirada em anel ouro 18k com pedra onix. Consulte disponibilidade, aro e condições pelo WhatsApp.";"anel-ouro-18k-com-pedra-onix-3360.png";"não";"não";"sim";"disponível"
"Anel Ouro 18k com Pedra Onix";"Anéis";"Masculino";"Ouro 18k";"4620";"";"";"";"12";"R$ 4.620,00";"Até 12x sem juros";"Anel em Ouro 18k, ideal para compor produções elegantes e presentear em momentos especiais. Peça com visual sofisticado inspirada em anel ouro 18k com pedra onix. Consulte disponibilidade, aro e condições pelo WhatsApp.";"anel-ouro-18k-com-pedra-onix-4620.png";"não";"não";"sim";"disponível"
"Anel Ouro 18k com Pedra Onix";"Anéis";"Masculino";"Ouro 18k";"5180";"";"";"";"12";"R$ 5.180,00";"Até 12x sem juros";"Anel em Ouro 18k, ideal para compor produções elegantes e presentear em momentos especiais. Peça com visual sofisticado inspirada em anel ouro 18k com pedra onix. Consulte disponibilidade, aro e condições pelo WhatsApp.";"anel-ouro-18k-com-pedra-onix-5180.png";"não";"não";"sim";"disponível"
"Anel Ouro 18k com Pedra Onix";"Anéis";"Masculino";"Ouro 18k";"5740";"";"";"";"12";"R$ 5.740,00";"Até 12x sem juros";"Anel em Ouro 18k, ideal para compor produções elegantes e presentear em momentos especiais. Peça com visual sofisticado inspirada em anel ouro 18k com pedra onix. Consulte disponibilidade, aro e condições pelo WhatsApp.";"anel-ouro-18k-com-pedra-onix-5740.png";"não";"não";"sim";"disponível"
"Anel Ouro 18k com Pedra Onix";"Anéis";"Masculino";"Ouro 18k";"6160";"";"";"";"12";"R$ 6.160,00";"Até 12x sem juros";"Anel em Ouro 18k, ideal para compor produções elegantes e presentear em momentos especiais. Peça com visual sofisticado inspirada em anel ouro 18k com pedra onix. Consulte disponibilidade, aro e condições pelo WhatsApp.";"anel-ouro-18k-com-pedra-onix-6160.png";"não";"não";"sim";"disponível"
"Anel Ouro 18k com Pedra Onix Trabalhado Lateral";"Anéis";"Masculino";"Ouro 18k";"13720";"";"";"";"12";"R$ 13.720,00";"Até 12x sem juros";"Anel em Ouro 18k, ideal para compor produções elegantes e presentear em momentos especiais. Peça com visual sofisticado inspirada em anel ouro 18k com pedra onix trabalhado lateral. Consulte disponibilidade, aro e condições pelo WhatsApp.";"anel-ouro-18k-com-pedra-onix-trabalhado-lateral-13720.png";"não";"não";"sim";"disponível"
"Anel Ouro 18k com Rubi";"Anéis";"Masculino";"Ouro 18k";"10780";"";"";"";"12";"R$ 10.780,00";"Até 12x sem juros";"Anel em Ouro 18k, ideal para compor produções elegantes e presentear em momentos especiais. Peça com visual sofisticado inspirada em anel ouro 18k com rubi. Consulte disponibilidade, aro e condições pelo WhatsApp.";"anel-ouro-18k-com-rubi-10780.png";"não";"não";"sim";"disponível"
"Anel Ouro 18k com Rubi";"Anéis";"Masculino";"Ouro 18k";"13440";"";"";"";"12";"R$ 13.440,00";"Até 12x sem juros";"Anel em Ouro 18k, ideal para compor produções elegantes e presentear em momentos especiais. Peça com visual sofisticado inspirada em anel ouro 18k com rubi. Consulte disponibilidade, aro e condições pelo WhatsApp.";"anel-ouro-18k-com-rubi-13440.png";"não";"não";"sim";"disponível"
"Anel Ouro 18k com Rubi";"Anéis";"Masculino";"Ouro 18k";"9520";"";"";"";"12";"R$ 9.520,00";"Até 12x sem juros";"Anel em Ouro 18k, ideal para compor produções elegantes e presentear em momentos especiais. Peça com visual sofisticado inspirada em anel ouro 18k com rubi. Consulte disponibilidade, aro e condições pelo WhatsApp.";"anel-ouro-18k-com-rubi-9520.png";"não";"não";"sim";"disponível"
"Anel Ouro 18k com Rubi";"Anéis";"Masculino";"Ouro 18k";"9940";"";"";"";"12";"R$ 9.940,00";"Até 12x sem juros";"Anel em Ouro 18k, ideal para compor produções elegantes e presentear em momentos especiais. Peça com visual sofisticado inspirada em anel ouro 18k com rubi. Consulte disponibilidade, aro e condições pelo WhatsApp.";"anel-ouro-18k-com-rubi-9940.png";"não";"não";"sim";"disponível"
"Anel Ouro 18k com Rubi e Diamantes";"Anéis";"Masculino";"Ouro 18k";"13690";"";"";"";"12";"R$ 13.690,00";"Até 12x sem juros";"Anel em Ouro 18k, ideal para compor produções elegantes e presentear em momentos especiais. Peça com visual sofisticado inspirada em anel ouro 18k com rubi e diamantes. Consulte disponibilidade, aro e condições pelo WhatsApp.";"anel-ouro-18k-com-rubi-e-diamantes-13690.png";"não";"não";"sim";"disponível"
"Anel Ouro 18k com Rubi e Diamantes";"Anéis";"Masculino";"Ouro 18k";"13860";"";"";"";"12";"R$ 13.860,00";"Até 12x sem juros";"Anel em Ouro 18k, ideal para compor produções elegantes e presentear em momentos especiais. Peça com visual sofisticado inspirada em anel ouro 18k com rubi e diamantes. Consulte disponibilidade, aro e condições pelo WhatsApp.";"anel-ouro-18k-com-rubi-e-diamantes-13860.png";"não";"não";"sim";"disponível"
"Anel Ouro 18k com Rubi e Diamantes";"Anéis";"Masculino";"Ouro 18k";"14000";"";"";"";"12";"R$ 14.000,00";"Até 12x sem juros";"Anel em Ouro 18k, ideal para compor produções elegantes e presentear em momentos especiais. Peça com visual sofisticado inspirada em anel ouro 18k com rubi e diamantes. Consulte disponibilidade, aro e condições pelo WhatsApp.";"anel-ouro-18k-com-rubi-e-diamantes-14000.png";"não";"não";"sim";"disponível"
"Anel Ouro 18k com Rubi e Diamantes";"Anéis";"Masculino";"Ouro 18k";"17100";"";"";"";"12";"R$ 17.100,00";"Até 12x sem juros";"Anel em Ouro 18k, ideal para compor produções elegantes e presentear em momentos especiais. Peça com visual sofisticado inspirada em anel ouro 18k com rubi e diamantes. Consulte disponibilidade, aro e condições pelo WhatsApp.";"anel-ouro-18k-com-rubi-e-diamantes-17100.png";"não";"não";"sim";"disponível"
"Anel Ouro 18k com Safira";"Anéis";"Masculino";"Ouro 18k";"8820";"";"";"";"12";"R$ 8.820,00";"Até 12x sem juros";"Anel em Ouro 18k, ideal para compor produções elegantes e presentear em momentos especiais. Peça com visual sofisticado inspirada em anel ouro 18k com safira. Consulte disponibilidade, aro e condições pelo WhatsApp.";"anel-ouro-18k-com-safira-8820.png";"não";"não";"sim";"disponível"
"Anel Ouro 18k com Safira Azul";"Anéis";"Masculino";"Ouro 18k";"14280";"";"";"";"12";"R$ 14.280,00";"Até 12x sem juros";"Anel em Ouro 18k, ideal para compor produções elegantes e presentear em momentos especiais. Peça com visual sofisticado inspirada em anel ouro 18k com safira azul. Consulte disponibilidade, aro e condições pelo WhatsApp.";"anel-ouro-18k-com-safira-azul-14280.png";"não";"não";"sim";"disponível"
"Anel Ouro 18k com Safira Azul e Diamantes";"Anéis";"Masculino";"Ouro 18k";"13440";"";"";"";"12";"R$ 13.440,00";"Até 12x sem juros";"Anel em Ouro 18k, ideal para compor produções elegantes e presentear em momentos especiais. Peça com visual sofisticado inspirada em anel ouro 18k com safira azul e diamantes. Consulte disponibilidade, aro e condições pelo WhatsApp.";"anel-ouro-18k-com-safira-azul-e-diamantes-13440.png";"não";"não";"sim";"disponível"
"Anel Ouro 18k com Safira Azul e Diamantes";"Anéis";"Masculino";"Ouro 18k";"9940";"";"";"";"12";"R$ 9.940,00";"Até 12x sem juros";"Anel em Ouro 18k, ideal para compor produções elegantes e presentear em momentos especiais. Peça com visual sofisticado inspirada em anel ouro 18k com safira azul e diamantes. Consulte disponibilidade, aro e condições pelo WhatsApp.";"anel-ouro-18k-com-safira-azul-e-diamantes-9940.png";"não";"não";"sim";"disponível"
"Anel Ouro 18k com Zircônia";"Anéis";"Masculino";"Ouro 18k";"3900";"";"";"";"12";"R$ 3.900,00";"Até 12x sem juros";"Anel em Ouro 18k, ideal para compor produções elegantes e presentear em momentos especiais. Peça com visual sofisticado inspirada em anel ouro 18k com zirconia. Consulte disponibilidade, aro e condições pelo WhatsApp.";"anel-ouro-18k-com-zirconia-3900.png";"não";"não";"sim";"disponível"
"Anel Ouro 18k com Zircônia";"Anéis";"Masculino";"Ouro 18k";"5040";"";"";"";"12";"R$ 5.040,00";"Até 12x sem juros";"Anel em Ouro 18k, ideal para compor produções elegantes e presentear em momentos especiais. Peça com visual sofisticado inspirada em anel ouro 18k com zirconia. Consulte disponibilidade, aro e condições pelo WhatsApp.";"anel-ouro-18k-com-zirconia-5040 (2).png";"não";"não";"sim";"disponível"
"Anel Ouro 18k com Zircônia";"Anéis";"Masculino";"Ouro 18k";"5040";"";"";"";"12";"R$ 5.040,00";"Até 12x sem juros";"Anel em Ouro 18k, ideal para compor produções elegantes e presentear em momentos especiais. Peça com visual sofisticado inspirada em anel ouro 18k com zirconia. Consulte disponibilidade, aro e condições pelo WhatsApp.";"anel-ouro-18k-com-zirconia-5040.png";"não";"não";"sim";"disponível"
"Anel Ouro 18k com Zircônia";"Anéis";"Masculino";"Ouro 18k";"5460";"";"";"";"12";"R$ 5.460,00";"Até 12x sem juros";"Anel em Ouro 18k, ideal para compor produções elegantes e presentear em momentos especiais. Peça com visual sofisticado inspirada em anel ouro 18k com zirconia. Consulte disponibilidade, aro e condições pelo WhatsApp.";"anel-ouro-18k-com-zirconia-5460.png";"não";"não";"sim";"disponível"
"Anel Ouro 18k com Zircônia";"Anéis";"Masculino";"Ouro 18k";"6400";"";"";"";"12";"R$ 6.400,00";"Até 12x sem juros";"Anel em Ouro 18k, ideal para compor produções elegantes e presentear em momentos especiais. Peça com visual sofisticado inspirada em anel ouro 18k com zirconia. Consulte disponibilidade, aro e condições pelo WhatsApp.";"anel-ouro-18k-com-zirconia-6400.png";"não";"não";"sim";"disponível"
"Anel Ouro 18k com Zircônia Verde e Diamantes";"Anéis";"Masculino";"Ouro 18k";"9100";"";"";"";"12";"R$ 9.100,00";"Até 12x sem juros";"Anel em Ouro 18k, ideal para compor produções elegantes e presentear em momentos especiais. Peça com visual sofisticado inspirada em anel ouro 18k com zirconia verde e diamantes. Consulte disponibilidade, aro e condições pelo WhatsApp.";"anel-ouro-18k-com-zirconia-verde-e-diamantes-9100.png";"não";"não";"sim";"disponível"
"Anel Ouro 18k com Zirconias";"Anéis";"Masculino";"Ouro 18k";"10080";"";"";"";"12";"R$ 10.080,00";"Até 12x sem juros";"Anel em Ouro 18k, ideal para compor produções elegantes e presentear em momentos especiais. Peça com visual sofisticado inspirada em anel ouro 18k com zirconias. Consulte disponibilidade, aro e condições pelo WhatsApp.";"anel-ouro-18k-com-zirconias-10080.png";"não";"não";"sim";"disponível"
"Anel Ouro 18k com Zirconias";"Anéis";"Masculino";"Ouro 18k";"10220";"";"";"";"12";"R$ 10.220,00";"Até 12x sem juros";"Anel em Ouro 18k, ideal para compor produções elegantes e presentear em momentos especiais. Peça com visual sofisticado inspirada em anel ouro 18k com zirconias. Consulte disponibilidade, aro e condições pelo WhatsApp.";"anel-ouro-18k-com-zirconias-10220.png";"não";"não";"sim";"disponível"
"Anel Ouro 18k com Zirconias";"Anéis";"Masculino";"Ouro 18k";"10500";"";"";"";"12";"R$ 10.500,00";"Até 12x sem juros";"Anel em Ouro 18k, ideal para compor produções elegantes e presentear em momentos especiais. Peça com visual sofisticado inspirada em anel ouro 18k com zirconias. Consulte disponibilidade, aro e condições pelo WhatsApp.";"anel-ouro-18k-com-zirconias-10500.png";"não";"não";"sim";"disponível"
"Anel Ouro 18k com Zirconias";"Anéis";"Masculino";"Ouro 18k";"11900";"";"";"";"12";"R$ 11.900,00";"Até 12x sem juros";"Anel em Ouro 18k, ideal para compor produções elegantes e presentear em momentos especiais. Peça com visual sofisticado inspirada em anel ouro 18k com zirconias. Consulte disponibilidade, aro e condições pelo WhatsApp.";"anel-ouro-18k-com-zirconias-11900.png";"não";"não";"sim";"disponível"
"Anel Ouro 18k com Zirconias";"Anéis";"Masculino";"Ouro 18k";"12040";"";"";"";"12";"R$ 12.040,00";"Até 12x sem juros";"Anel em Ouro 18k, ideal para compor produções elegantes e presentear em momentos especiais. Peça com visual sofisticado inspirada em anel ouro 18k com zirconias. Consulte disponibilidade, aro e condições pelo WhatsApp.";"anel-ouro-18k-com-zirconias-12040.png";"não";"não";"sim";"disponível"
"Anel Ouro 18k com Zirconias";"Anéis";"Masculino";"Ouro 18k";"7200";"";"";"";"12";"R$ 7.200,00";"Até 12x sem juros";"Anel em Ouro 18k, ideal para compor produções elegantes e presentear em momentos especiais. Peça com visual sofisticado inspirada em anel ouro 18k com zirconias. Consulte disponibilidade, aro e condições pelo WhatsApp.";"anel-ouro-18k-com-zirconias-7200.png";"não";"não";"sim";"disponível"
"Anel Ouro 18k com Zirconias";"Anéis";"Masculino";"Ouro 18k";"7700";"";"";"";"12";"R$ 7.700,00";"Até 12x sem juros";"Anel em Ouro 18k, ideal para compor produções elegantes e presentear em momentos especiais. Peça com visual sofisticado inspirada em anel ouro 18k com zirconias. Consulte disponibilidade, aro e condições pelo WhatsApp.";"anel-ouro-18k-com-zirconias-7700.png";"não";"não";"sim";"disponível"
"Anel Ouro 18k com Zirconias";"Anéis";"Masculino";"Ouro 18k";"8260";"";"";"";"12";"R$ 8.260,00";"Até 12x sem juros";"Anel em Ouro 18k, ideal para compor produções elegantes e presentear em momentos especiais. Peça com visual sofisticado inspirada em anel ouro 18k com zirconias. Consulte disponibilidade, aro e condições pelo WhatsApp.";"anel-ouro-18k-com-zirconias-8260.png";"não";"não";"sim";"disponível"
"Anel Ouro 18k com Zirconias";"Anéis";"Masculino";"Ouro 18k";"9900";"";"";"";"12";"R$ 9.900,00";"Até 12x sem juros";"Anel em Ouro 18k, ideal para compor produções elegantes e presentear em momentos especiais. Peça com visual sofisticado inspirada em anel ouro 18k com zirconias. Consulte disponibilidade, aro e condições pelo WhatsApp.";"anel-ouro-18k-com-zirconias-9900.png";"não";"não";"sim";"disponível"
"Anel Ouro 18k Crucifixo de Diamantes";"Anéis";"Masculino";"Ouro 18k";"14720";"";"";"";"12";"R$ 14.720,00";"Até 12x sem juros";"Anel em Ouro 18k, ideal para compor produções elegantes e presentear em momentos especiais. Peça com visual sofisticado inspirada em anel ouro 18k crucifixo de diamantes. Consulte disponibilidade, aro e condições pelo WhatsApp.";"anel-ouro-18k-crucifixo-de-diamantes-14720.png";"não";"não";"sim";"disponível"
"Anel Ouro 18k Dragao";"Anéis";"Masculino";"Ouro 18k";"13580";"";"";"";"12";"R$ 13.580,00";"Até 12x sem juros";"Anel em Ouro 18k, ideal para compor produções elegantes e presentear em momentos especiais. Peça com visual sofisticado inspirada em anel ouro 18k dragao. Consulte disponibilidade, aro e condições pelo WhatsApp.";"anel-ouro-18k-dragao-13580.png";"não";"não";"sim";"disponível"
"Anel Ouro 18k Dragao";"Anéis";"Masculino";"Ouro 18k";"19740";"";"";"";"12";"R$ 19.740,00";"Até 12x sem juros";"Anel em Ouro 18k, ideal para compor produções elegantes e presentear em momentos especiais. Peça com visual sofisticado inspirada em anel ouro 18k dragao. Consulte disponibilidade, aro e condições pelo WhatsApp.";"anel-ouro-18k-dragao-19740.png";"não";"não";"sim";"disponível"
"Anel Ouro 18k Escorpiao";"Anéis";"Masculino";"Ouro 18k";"19460";"";"";"";"12";"R$ 19.460,00";"Até 12x sem juros";"Anel em Ouro 18k, ideal para compor produções elegantes e presentear em momentos especiais. Peça com visual sofisticado inspirada em anel ouro 18k escorpiao. Consulte disponibilidade, aro e condições pelo WhatsApp.";"anel-ouro-18k-escorpiao-19460.png";"não";"não";"sim";"disponível"
"Anel Ouro 18k Falcao";"Anéis";"Masculino";"Ouro 18k";"15820";"";"";"";"12";"R$ 15.820,00";"Até 12x sem juros";"Anel em Ouro 18k, ideal para compor produções elegantes e presentear em momentos especiais. Peça com visual sofisticado inspirada em anel ouro 18k falcao. Consulte disponibilidade, aro e condições pelo WhatsApp.";"anel-ouro-18k-falcao-15820.png";"não";"não";"sim";"disponível"
"Anel Ouro 18k Maconaria";"Anéis";"Masculino";"Ouro 18k";"10640";"";"";"";"12";"R$ 10.640,00";"Até 12x sem juros";"Anel em Ouro 18k, ideal para compor produções elegantes e presentear em momentos especiais. Peça com visual sofisticado inspirada em anel ouro 18k maconaria. Consulte disponibilidade, aro e condições pelo WhatsApp.";"anel-ouro-18k-maconaria-10640.png";"não";"não";"sim";"disponível"
"Anel Ouro 18k Onca com Diamantes";"Anéis";"Masculino";"Ouro 18k";"19560";"";"";"";"12";"R$ 19.560,00";"Até 12x sem juros";"Anel em Ouro 18k, ideal para compor produções elegantes e presentear em momentos especiais. Peça com visual sofisticado inspirada em anel ouro 18k onca com diamantes. Consulte disponibilidade, aro e condições pelo WhatsApp.";"anel-ouro-18k-onca-com-diamantes-19560.png";"não";"não";"sim";"disponível"
"Anel Ouro 18k Trabalhado";"Anéis";"Masculino";"Ouro 18k";"10780";"";"";"";"12";"R$ 10.780,00";"Até 12x sem juros";"Anel em Ouro 18k, ideal para compor produções elegantes e presentear em momentos especiais. Peça com visual sofisticado inspirada em anel ouro 18k trabalhado. Consulte disponibilidade, aro e condições pelo WhatsApp.";"anel-ouro-18k-trabalhado-10780.png";"não";"não";"sim";"disponível"
"Anel Ouro 18k Trabalhado com Diamantes";"Anéis";"Masculino";"Ouro 18k";"11980";"";"";"";"12";"R$ 11.980,00";"Até 12x sem juros";"Anel em Ouro 18k, ideal para compor produções elegantes e presentear em momentos especiais. Peça com visual sofisticado inspirada em anel ouro 18k trabalhado com diamantes. Consulte disponibilidade, aro e condições pelo WhatsApp.";"anel-ouro-18k-trabalhado-com-diamantes-11980.png";"não";"não";"sim";"disponível"
"Anel Ouro 18k Trabalhado com Diamantes";"Anéis";"Masculino";"Ouro 18k";"20720";"";"";"";"12";"R$ 20.720,00";"Até 12x sem juros";"Anel em Ouro 18k, ideal para compor produções elegantes e presentear em momentos especiais. Peça com visual sofisticado inspirada em anel ouro 18k trabalhado com diamantes. Consulte disponibilidade, aro e condições pelo WhatsApp.";"anel-ouro-18k-trabalhado-com-diamantes-20720.png";"não";"não";"sim";"disponível"
"Anel Ouro 18k Trabalhado com Diamantes";"Anéis";"Masculino";"Ouro 18k";"7700";"";"";"";"12";"R$ 7.700,00";"Até 12x sem juros";"Anel em Ouro 18k, ideal para compor produções elegantes e presentear em momentos especiais. Peça com visual sofisticado inspirada em anel ouro 18k trabalhado com diamantes. Consulte disponibilidade, aro e condições pelo WhatsApp.";"anel-ouro-18k-trabalhado-com-diamantes-7700.png";"não";"não";"sim";"disponível"
"Anel Ouro 18k Trabalhado Dragao";"Anéis";"Masculino";"Ouro 18k";"7840";"";"";"";"12";"R$ 7.840,00";"Até 12x sem juros";"Anel em Ouro 18k, ideal para compor produções elegantes e presentear em momentos especiais. Peça com visual sofisticado inspirada em anel ouro 18k trabalhado dragao. Consulte disponibilidade, aro e condições pelo WhatsApp.";"anel-ouro-18k-trabalhado-dragao-7840.png";"não";"não";"sim";"disponível"
"Pulseira Infantil Ouro 18k Bolinha";"Pulseiras";"Pulseiras em Ouro";"Ouro 18k";"1490";"";"";"";"";"R$ 1.490,00";"Até 6x sem juros";"Pulseira em Ouro 18k, com acabamento delicado e visual elegante para uso próprio ou presente. Consulte disponibilidade, medidas e condições pelo WhatsApp.";"pulseira-infantil-ouro-18k-bolinha-1490.jpg";"não";"não";"sim";"disponível"
"Pulseira Infantil Ouro 18k Bolinhas Coloridas Zirconias 3mm";"Pulseiras";"Pulseiras em Ouro";"Ouro 18k";"1150";"";"";"";"";"R$ 1.150,00";"Até 6x sem juros";"Pulseira em Ouro 18k, com acabamento delicado e visual elegante para uso próprio ou presente. Consulte disponibilidade, medidas e condições pelo WhatsApp.";"pulseira-infantil-ouro-18k-bolinhas-coloridas-zirconias-3mm-1150.jpg";"não";"não";"sim";"disponível"
"Pulseira Infantil Ouro 18k Chapinha";"Pulseiras";"Pulseiras chapinha";"Ouro 18k";"1490";"";"";"";"";"R$ 1.490,00";"Até 6x sem juros";"Pulseira em Ouro 18k, com acabamento delicado e visual elegante para uso próprio ou presente. Consulte disponibilidade, medidas e condições pelo WhatsApp.";"pulseira-infantil-ouro-18k-chapinha-1490.jpg";"não";"não";"sim";"disponível"
"Pulseira Infantil Ouro 18k Chapinha com Figa";"Pulseiras";"Pulseiras chapinha";"Ouro 18k";"1100";"";"";"";"";"R$ 1.100,00";"Até 6x sem juros";"Pulseira em Ouro 18k, com acabamento delicado e visual elegante para uso próprio ou presente. Consulte disponibilidade, medidas e condições pelo WhatsApp.";"pulseira-infantil-ouro-18k-chapinha-com-figa-1100.jpg";"não";"não";"sim";"disponível"
"Pulseira Infantil Ouro 18k Chapinha com Zirconias Coloridas";"Pulseiras";"Pulseiras chapinha";"Ouro 18k";"2100";"";"";"";"";"R$ 2.100,00";"Até 6x sem juros";"Pulseira em Ouro 18k, com acabamento delicado e visual elegante para uso próprio ou presente. Consulte disponibilidade, medidas e condições pelo WhatsApp.";"pulseira-infantil-ouro-18k-chapinha-com-zirconias-coloridas-2100.jpg";"não";"não";"sim";"disponível"
"Pulseira Infantil Ouro 18k Chapinha Estrelinha";"Pulseiras";"Pulseiras chapinha";"Ouro 18k";"999";"";"";"";"";"R$ 999,00";"Até 6x sem juros";"Pulseira em Ouro 18k, com acabamento delicado e visual elegante para uso próprio ou presente. Consulte disponibilidade, medidas e condições pelo WhatsApp.";"pulseira-infantil-ouro-18k-chapinha-estrelinha-999.jpg";"não";"não";"sim";"disponível"
"Pulseira Infantil Ouro 18k Chapinha Lisa";"Pulseiras";"Pulseiras chapinha";"Ouro 18k";"799";"";"";"";"";"R$ 799,00";"Até 6x sem juros";"Pulseira em Ouro 18k, com acabamento delicado e visual elegante para uso próprio ou presente. Consulte disponibilidade, medidas e condições pelo WhatsApp.";"pulseira-infantil-ouro-18k-chapinha-lisa-799.jpg";"não";"não";"sim";"disponível"
"Pulseira Infantil Ouro 18k Estrelas Coloridas Zirconias";"Pulseiras";"Pulseiras em Ouro";"Ouro 18k";"1999";"";"";"";"";"R$ 1.999,00";"Até 6x sem juros";"Pulseira em Ouro 18k, com acabamento delicado e visual elegante para uso próprio ou presente. Consulte disponibilidade, medidas e condições pelo WhatsApp.";"pulseira-infantil-ouro-18k-estrelas-coloridas-zirconias-1999.jpg";"não";"não";"sim";"disponível"
"Pulseira Infantil Ouro 18k Zirconias Coloridas";"Pulseiras";"Pulseiras em Ouro";"Ouro 18k";"1090";"";"";"";"";"R$ 1.090,00";"Até 6x sem juros";"Pulseira em Ouro 18k, com acabamento delicado e visual elegante para uso próprio ou presente. Consulte disponibilidade, medidas e condições pelo WhatsApp.";"pulseira-infantil-ouro-18k-zirconias-coloridas-1090.jpg";"não";"não";"sim";"disponível"
"Pulseira Infantil Ouro 18k Zirconias em Coração";"Pulseiras";"Pulseiras em Ouro";"Ouro 18k";"1590";"";"";"";"";"R$ 1.590,00";"Até 6x sem juros";"Pulseira em Ouro 18k, com acabamento delicado e visual elegante para uso próprio ou presente. Consulte disponibilidade, medidas e condições pelo WhatsApp.";"pulseira-infantil-ouro-18k-zirconias-em-coracao-1590.jpg";"não";"não";"sim";"disponível"
"Aliança Ouro 18k Chanfrado e Concava 7mm";"Alianças";"Alianças Ouro 18k";"Ouro 18k";"9600";"";"";"";"12";"R$ 9.600,00";"Até 12x sem juros";"Aliança em ouro 18k/750 com acabamento elegante, feita sob encomenda para momentos especiais. Confeccionamos diversos modelos em até 3 dias. Gravação dos nomes e caixinha inclusas como cortesia. Consulte numeração, prazo e parcelamento em até 12x sem juros pelo WhatsApp.";"alianca-ouro-18k-chanfrado-e-concava-7mm-9600.jpg";"não";"sim";"sim";"sob encomenda"
"Aliança Ouro 18k Chanfrado Trabalhado";"Alianças";"Alianças Ouro 18k";"Ouro 18k";"9800";"";"";"";"12";"R$ 9.800,00";"Até 12x sem juros";"Aliança em ouro 18k/750 com acabamento elegante, feita sob encomenda para momentos especiais. Confeccionamos diversos modelos em até 3 dias. Gravação dos nomes e caixinha inclusas como cortesia. Consulte numeração, prazo e parcelamento em até 12x sem juros pelo WhatsApp.";"alianca-ouro-18k-chanfrado-trabalhado-9800.jpg";"não";"sim";"sim";"sob encomenda"
"Aliança Ouro 18k com Diamante";"Alianças";"Alianças Ouro 18k";"Ouro 18k";"5900";"";"";"";"12";"R$ 5.900,00";"Até 12x sem juros";"Aliança em ouro 18k/750 com acabamento elegante, feita sob encomenda para momentos especiais. Confeccionamos diversos modelos em até 3 dias. Gravação dos nomes e caixinha inclusas como cortesia. Consulte numeração, prazo e parcelamento em até 12x sem juros pelo WhatsApp.";"alianca-ouro-18k-com-diamante-5900.jpg";"não";"sim";"sim";"sob encomenda"
"Aliança Ouro 18k Concava com Coração Fosca";"Alianças";"Alianças Ouro 18k";"Ouro 18k";"6300";"";"";"";"12";"R$ 6.300,00";"Até 12x sem juros";"Aliança em ouro 18k/750 com acabamento elegante, feita sob encomenda para momentos especiais. Confeccionamos diversos modelos em até 3 dias. Gravação dos nomes e caixinha inclusas como cortesia. Consulte numeração, prazo e parcelamento em até 12x sem juros pelo WhatsApp.";"alianca-ouro-18k-concava-com-coracao-fosca-6300.jpg";"não";"sim";"sim";"sob encomenda"
"Aliança Ouro 18k Diamante com Esmeralda";"Alianças";"Alianças Ouro 18k";"Ouro 18k";"9600";"";"";"";"12";"R$ 9.600,00";"Até 12x sem juros";"Aliança em ouro 18k/750 com acabamento elegante, feita sob encomenda para momentos especiais. Confeccionamos diversos modelos em até 3 dias. Gravação dos nomes e caixinha inclusas como cortesia. Consulte numeração, prazo e parcelamento em até 12x sem juros pelo WhatsApp.";"alianca-ouro-18k-diamante-com-esmeralda-9600.jpg";"não";"sim";"sim";"sob encomenda"
"Aliança Ouro 18k Quadrado";"Alianças";"Alianças Ouro 18k";"Ouro 18k";"15200";"";"";"";"12";"R$ 15.200,00";"Até 12x sem juros";"Aliança em ouro 18k/750 com acabamento elegante, feita sob encomenda para momentos especiais. Confeccionamos diversos modelos em até 3 dias. Gravação dos nomes e caixinha inclusas como cortesia. Consulte numeração, prazo e parcelamento em até 12x sem juros pelo WhatsApp.";"alianca-ouro-18k-quadrado-15200.jpg";"não";"sim";"sim";"sob encomenda"
"Aliança Ouro 18k Quadrado com Batimentos Cardiacos";"Alianças";"Alianças Ouro 18k";"Ouro 18k";"4100";"";"";"";"12";"R$ 4.100,00";"Até 12x sem juros";"Aliança em ouro 18k/750 com acabamento elegante, feita sob encomenda para momentos especiais. Confeccionamos diversos modelos em até 3 dias. Gravação dos nomes e caixinha inclusas como cortesia. Consulte numeração, prazo e parcelamento em até 12x sem juros pelo WhatsApp.";"alianca-ouro-18k-quadrado-com-batimentos-cardiacos-4100.png";"não";"sim";"sim";"sob encomenda"
"Aliança Ouro 18k Quadrado com Diamante";"Alianças";"Alianças Ouro 18k";"Ouro 18k";"6100";"";"";"";"12";"R$ 6.100,00";"Até 12x sem juros";"Aliança em ouro 18k/750 com acabamento elegante, feita sob encomenda para momentos especiais. Confeccionamos diversos modelos em até 3 dias. Gravação dos nomes e caixinha inclusas como cortesia. Consulte numeração, prazo e parcelamento em até 12x sem juros pelo WhatsApp.";"alianca-ouro-18k-quadrado-com-diamante-6100.jpg";"não";"sim";"sim";"sob encomenda"
"Aliança Ouro 18k Quadrado com Frezo 2mm";"Alianças";"Alianças Ouro 18k";"Ouro 18k";"2600";"";"";"";"12";"R$ 2.600,00";"Até 12x sem juros";"Aliança em ouro 18k/750 com acabamento elegante, feita sob encomenda para momentos especiais. Confeccionamos diversos modelos em até 3 dias. Gravação dos nomes e caixinha inclusas como cortesia. Consulte numeração, prazo e parcelamento em até 12x sem juros pelo WhatsApp.";"alianca-ouro-18k-quadrado-com-frezo-2mm-2600.jpg";"não";"sim";"sim";"sob encomenda"
"Aliança Ouro 18k Quadrado Fosca";"Alianças";"Alianças Ouro 18k";"Ouro 18k";"7900";"";"";"";"12";"R$ 7.900,00";"Até 12x sem juros";"Aliança em ouro 18k/750 com acabamento elegante, feita sob encomenda para momentos especiais. Confeccionamos diversos modelos em até 3 dias. Gravação dos nomes e caixinha inclusas como cortesia. Consulte numeração, prazo e parcelamento em até 12x sem juros pelo WhatsApp.";"alianca-ouro-18k-quadrado-fosca-7900.jpg";"não";"sim";"sim";"sob encomenda"
"Aliança Ouro 18k Quadrado Trabalhado 3mm";"Alianças";"Alianças Ouro 18k";"Ouro 18k";"2400";"";"";"";"12";"R$ 2.400,00";"Até 12x sem juros";"Aliança em ouro 18k/750 com acabamento elegante, feita sob encomenda para momentos especiais. Confeccionamos diversos modelos em até 3 dias. Gravação dos nomes e caixinha inclusas como cortesia. Consulte numeração, prazo e parcelamento em até 12x sem juros pelo WhatsApp.";"alianca-ouro-18k-quadrado-trabalhado-3mm-2400.jpg";"não";"sim";"sim";"sob encomenda"
"Aliança Ouro 18k Quadrado Trabalhado 8mm";"Alianças";"Alianças Ouro 18k";"Ouro 18k";"9200";"";"";"";"12";"R$ 9.200,00";"Até 12x sem juros";"Aliança em ouro 18k/750 com acabamento elegante, feita sob encomenda para momentos especiais. Confeccionamos diversos modelos em até 3 dias. Gravação dos nomes e caixinha inclusas como cortesia. Consulte numeração, prazo e parcelamento em até 12x sem juros pelo WhatsApp.";"alianca-ouro-18k-quadrado-trabalhado-8mm-9200.jpg";"não";"sim";"sim";"sob encomenda"
"Aliança Ouro 18k Quadrado Trabalhado";"Alianças";"Alianças Ouro 18k";"Ouro 18k";"9300";"";"";"";"12";"R$ 9.300,00";"Até 12x sem juros";"Aliança em ouro 18k/750 com acabamento elegante, feita sob encomenda para momentos especiais. Confeccionamos diversos modelos em até 3 dias. Gravação dos nomes e caixinha inclusas como cortesia. Consulte numeração, prazo e parcelamento em até 12x sem juros pelo WhatsApp.";"alianca-ouro-18k-quadrado-trabalhado-9300.jpg";"não";"sim";"sim";"sob encomenda"
"Aliança Ouro 18k Quadrado Trabalhado com Diamante";"Alianças";"Alianças Ouro 18k";"Ouro 18k";"8100";"";"";"";"12";"R$ 8.100,00";"Até 12x sem juros";"Aliança em ouro 18k/750 com acabamento elegante, feita sob encomenda para momentos especiais. Confeccionamos diversos modelos em até 3 dias. Gravação dos nomes e caixinha inclusas como cortesia. Consulte numeração, prazo e parcelamento em até 12x sem juros pelo WhatsApp.";"alianca-ouro-18k-quadrado-trabalhado-com-diamante-8100.jpg";"não";"sim";"sim";"sob encomenda"
"Aliança Ouro 18k Redonda com Frezo Transversal";"Alianças";"Alianças Ouro 18k";"Ouro 18k";"9700";"";"";"";"12";"R$ 9.700,00";"Até 12x sem juros";"Aliança em ouro 18k/750 com acabamento elegante, feita sob encomenda para momentos especiais. Confeccionamos diversos modelos em até 3 dias. Gravação dos nomes e caixinha inclusas como cortesia. Consulte numeração, prazo e parcelamento em até 12x sem juros pelo WhatsApp.";"alianca-ouro-18k-redonda-com-frezo-transversal-9700.jpg";"não";"sim";"sim";"sob encomenda"
"Aliança Ouro 18k Redonda com Trancas";"Alianças";"Alianças Ouro 18k";"Ouro 18k";"18900";"";"";"";"12";"R$ 18.900,00";"Até 12x sem juros";"Aliança em ouro 18k/750 com acabamento elegante, feita sob encomenda para momentos especiais. Confeccionamos diversos modelos em até 3 dias. Gravação dos nomes e caixinha inclusas como cortesia. Consulte numeração, prazo e parcelamento em até 12x sem juros pelo WhatsApp.";"alianca-ouro-18k-redonda-com-trancas-18900.jpg";"não";"sim";"sim";"sob encomenda"
"Aliança Ouro 18k Redonda Fosca";"Alianças";"Alianças Ouro 18k";"Ouro 18k";"3700";"";"";"";"12";"R$ 3.700,00";"Até 12x sem juros";"Aliança em ouro 18k/750 com acabamento elegante, feita sob encomenda para momentos especiais. Confeccionamos diversos modelos em até 3 dias. Gravação dos nomes e caixinha inclusas como cortesia. Consulte numeração, prazo e parcelamento em até 12x sem juros pelo WhatsApp.";"alianca-ouro-18k-redonda-fosca-3700.jpg";"não";"sim";"sim";"sob encomenda"
"Aliança Ouro 18k Redonda Trabalhado";"Alianças";"Alianças Ouro 18k";"Ouro 18k";"4900";"";"";"";"12";"R$ 4.900,00";"Até 12x sem juros";"Aliança em ouro 18k/750 com acabamento elegante, feita sob encomenda para momentos especiais. Confeccionamos diversos modelos em até 3 dias. Gravação dos nomes e caixinha inclusas como cortesia. Consulte numeração, prazo e parcelamento em até 12x sem juros pelo WhatsApp.";"alianca-ouro-18k-redonda-trabalhado-4900.jpg";"não";"sim";"sim";"sob encomenda"
"Aliança Ouro 18k Trabalhado 2.5mm";"Alianças";"Alianças Ouro 18k";"Ouro 18k";"2900";"";"";"";"12";"R$ 2.900,00";"Até 12x sem juros";"Aliança em ouro 18k/750 com acabamento elegante, feita sob encomenda para momentos especiais. Confeccionamos diversos modelos em até 3 dias. Gravação dos nomes e caixinha inclusas como cortesia. Consulte numeração, prazo e parcelamento em até 12x sem juros pelo WhatsApp.";"alianca-ouro-18k-trabalhado-2.5mm-2900.jpg";"não";"sim";"sim";"sob encomenda"
"Combo Alianças Ouro 18k + Anel Solitário";"Alianças";"Alianças Ouro 18k";"Ouro 18k";"4500";"";"";"";"12";"R$ 4.500,00";"Até 12x sem juros";"Combo completo com par de alianças em ouro 18k e anel solitário, feito sob encomenda para momentos especiais. Confeccionamos diversos modelos em até 3 dias. Gravação dos nomes e caixinha inclusas como cortesia. Consulte numeração, prazo e parcelamento em até 12x sem juros pelo WhatsApp.";"conjunto-alianca-anel-solitario-ouro-18k-4mm-4500.jpg";"não";"sim";"sim";"sob encomenda"
"Conjunto Aliança e Anel Ouro 18k";"Alianças";"Alianças Ouro 18k";"Ouro 18k";"8250";"";"";"";"12";"R$ 8.250,00";"Até 12x sem juros";"Aliança em ouro 18k/750 com acabamento elegante, feita sob encomenda para momentos especiais. Confeccionamos diversos modelos em até 3 dias. Gravação dos nomes e caixinha inclusas como cortesia. Consulte numeração, prazo e parcelamento em até 12x sem juros pelo WhatsApp.";"conjunto-alianca-e-anel-ouro-18k-8250.jpg";"não";"sim";"sim";"sob encomenda"
"Conjunto Aliança e Meia Aliança Ouro 18k Pedra";"Alianças";"Alianças Ouro 18k";"Ouro 18k";"4900";"";"";"";"12";"R$ 4.900,00";"Até 12x sem juros";"Aliança em ouro 18k/750 com acabamento elegante, feita sob encomenda para momentos especiais. Confeccionamos diversos modelos em até 3 dias. Gravação dos nomes e caixinha inclusas como cortesia. Consulte numeração, prazo e parcelamento em até 12x sem juros pelo WhatsApp.";"conjunto-alianca-e-meia-alianca-ouro-18k-pedra-4900.jpg";"não";"sim";"sim";"sob encomenda"
"Conjunto Aliança Ouro 18k";"Alianças";"Alianças Ouro 18k";"Ouro 18k";"4900";"";"";"";"12";"R$ 4.900,00";"Até 12x sem juros";"Aliança em ouro 18k/750 com acabamento elegante, feita sob encomenda para momentos especiais. Confeccionamos diversos modelos em até 3 dias. Gravação dos nomes e caixinha inclusas como cortesia. Consulte numeração, prazo e parcelamento em até 12x sem juros pelo WhatsApp.";"conjunto-alianca-ouro-18k-4900.jpg";"não";"sim";"sim";"sob encomenda"
